Analysis & Elaboration report for tetris_cpu
Mon Aug 17 16:33:31 2026
Quartus Prime Version 25.1std.0 Build 1129 10/21/2025 SC Lite Edition


---------------------
; Table of Contents ;
---------------------
  1. Legal Notice
  2. Analysis & Elaboration Summary
  3. Parallel Compilation
  4. Analysis & Elaboration IP Cores Summary
  5. Source assignments for instruction_decoder:inst3|control_rom:inst|altsyncram:altsyncram_component|altsyncram_d224:auto_generated
  6. Source assignments for instruction:inst12|instruction_rom:inst|altsyncram:altsyncram_component|altsyncram_i024:auto_generated
  7. Source assignments for register_file:inst4|reg_mem_a:inst|altsyncram:altsyncram_component|altsyncram_92u3:auto_generated
  8. Source assignments for register_file:inst4|reg_mem_a:inst1|altsyncram:altsyncram_component|altsyncram_92u3:auto_generated
  9. Source assignments for data_mem:inst1|data_ram:inst|altsyncram:altsyncram_component|altsyncram_isu3:auto_generated
 10. Parameter Settings for User Entity Instance: alu:inst10|alu_compare:inst10|lpm_compare:LPM_COMPARE_component
 11. Parameter Settings for User Entity Instance: alu:inst10|alu_mux:inst11|LPM_MUX:LPM_MUX_component
 12. Parameter Settings for User Entity Instance: alu:inst10|alu_adder:inst3|lpm_add_sub:LPM_ADD_SUB_component
 13. Parameter Settings for User Entity Instance: instruction_decoder:inst3|control_rom:inst|altsyncram:altsyncram_component
 14. Parameter Settings for User Entity Instance: instruction:inst12|instruction_rom:inst|altsyncram:altsyncram_component
 15. Parameter Settings for User Entity Instance: pc:inst|pc_register:inst|lpm_shiftreg:LPM_SHIFTREG_component
 16. Parameter Settings for User Entity Instance: pc_next:inst8|alu_src_mux_ip:inst9|LPM_MUX:LPM_MUX_component
 17. Parameter Settings for User Entity Instance: pc_next:inst8|alu_adder:inst|lpm_add_sub:LPM_ADD_SUB_component
 18. Parameter Settings for User Entity Instance: pc_next:inst8|alu_src_mux_ip:inst8|LPM_MUX:LPM_MUX_component
 19. Parameter Settings for User Entity Instance: pc_next:inst8|alu_adder:inst1|lpm_add_sub:LPM_ADD_SUB_component
 20. Parameter Settings for User Entity Instance: pc_next:inst8|alu_adder:inst2|lpm_add_sub:LPM_ADD_SUB_component
 21. Parameter Settings for User Entity Instance: register_file:inst4|reg_mem_a:inst|altsyncram:altsyncram_component
 22. Parameter Settings for User Entity Instance: register_file:inst4|reg_mem_a:inst1|altsyncram:altsyncram_component
 23. Parameter Settings for User Entity Instance: alu_src_mux_ip:inst14|LPM_MUX:LPM_MUX_component
 24. Parameter Settings for User Entity Instance: data_mem:inst1|data_ram:inst|altsyncram:altsyncram_component
 25. Parameter Settings for User Entity Instance: alu_src_mux:inst7|alu_src_mux_ip:inst|LPM_MUX:LPM_MUX_component
 26. altsyncram Parameter Settings by Entity Instance
 27. lpm_shiftreg Parameter Settings by Entity Instance
 28. Analysis & Elaboration Settings
 29. Analysis & Elaboration Messages



----------------
; Legal Notice ;
----------------
Copyright (C) 2025  Altera Corporation. All rights reserved.
Your use of Altera Corporation's design tools, logic functions 
and other software and tools, and any partner logic 
functions, and any output files from any of the foregoing 
(including device programming or simulation files), and any 
associated documentation or information are expressly subject 
to the terms and conditions of the Altera Program License 
Subscription Agreement, the Altera Quartus Prime License Agreement,
the Altera IP License Agreement, or other applicable license
agreement, including, without limitation, that your use is for
the sole purpose of programming logic devices manufactured by
Altera and sold by Altera or its authorized distributors.  Please
refer to the Altera Software License Subscription Agreements 
on the Quartus Prime software download page.



+---------------------------------------------------------------------------------+
; Analysis & Elaboration Summary                                                  ;
+-------------------------------+-------------------------------------------------+
; Analysis & Elaboration Status ; Successful - Mon Aug 17 16:33:31 2026           ;
; Quartus Prime Version         ; 25.1std.0 Build 1129 10/21/2025 SC Lite Edition ;
; Revision Name                 ; tetris_cpu                                      ;
; Top-level Entity Name         ; tetris_cpu                                      ;
; Family                        ; Cyclone V                                       ;
; Logic utilization (in ALMs)   ; N/A until Partition Merge                       ;
; Total registers               ; N/A until Partition Merge                       ;
; Total pins                    ; N/A until Partition Merge                       ;
; Total virtual pins            ; N/A until Partition Merge                       ;
; Total block memory bits       ; N/A until Partition Merge                       ;
; Total PLLs                    ; N/A until Partition Merge                       ;
; Total DLLs                    ; N/A until Partition Merge                       ;
+-------------------------------+-------------------------------------------------+


+------------------------------------------+
; Parallel Compilation                     ;
+----------------------------+-------------+
; Processors                 ; Number      ;
+----------------------------+-------------+
; Number detected on machine ; 8           ;
; Maximum allowed            ; 8           ;
;                            ;             ;
; Average used               ; 1.00        ;
; Maximum used               ; 1           ;
;                            ;             ;
; Usage by Processor         ; % Time Used ;
;     Processor 1            ; 100.0%      ;
+----------------------------+-------------+


+----------------------------------------------------------------------------------------------------------------------------------------------+
; Analysis & Elaboration IP Cores Summary                                                                                                      ;
+--------+--------------+---------+--------------+--------------+--------------------------------------------------------+---------------------+
; Vendor ; IP Core Name ; Version ; Release Date ; License Type ; Entity Instance                                        ; IP Include File     ;
+--------+--------------+---------+--------------+--------------+--------------------------------------------------------+---------------------+
; Altera ; LPM_SHIFTREG ; 25.1    ; N/A          ; N/A          ; |tetris_cpu|pc:inst|pc_register:inst                   ; pc_register.vhd     ;
; Altera ; RAM: 2-PORT  ; 25.1    ; N/A          ; N/A          ; |tetris_cpu|data_mem:inst1|data_ram:inst               ; data_ram.vhd        ;
; Altera ; ROM: 1-PORT  ; 25.1    ; N/A          ; N/A          ; |tetris_cpu|instruction_decoder:inst3|control_rom:inst ; control_rom.vhd     ;
; Altera ; RAM: 2-PORT  ; 25.1    ; N/A          ; N/A          ; |tetris_cpu|register_file:inst4|reg_mem_a:inst         ; reg_mem_a.vhd       ;
; Altera ; RAM: 2-PORT  ; 25.1    ; N/A          ; N/A          ; |tetris_cpu|register_file:inst4|reg_mem_a:inst1        ; reg_mem_a.vhd       ;
; Altera ; LPM_MUX      ; 25.1    ; N/A          ; N/A          ; |tetris_cpu|alu_src_mux:inst7|alu_src_mux_ip:inst      ; alu_src_mux_ip.vhd  ;
; Altera ; LPM_ADD_SUB  ; 25.1    ; N/A          ; N/A          ; |tetris_cpu|pc_next:inst8|alu_adder:inst               ; alu_adder.vhd       ;
; Altera ; LPM_ADD_SUB  ; 25.1    ; N/A          ; N/A          ; |tetris_cpu|pc_next:inst8|alu_adder:inst1              ; alu_adder.vhd       ;
; Altera ; LPM_ADD_SUB  ; 25.1    ; N/A          ; N/A          ; |tetris_cpu|pc_next:inst8|alu_adder:inst2              ; alu_adder.vhd       ;
; Altera ; LPM_MUX      ; 25.1    ; N/A          ; N/A          ; |tetris_cpu|pc_next:inst8|alu_src_mux_ip:inst8         ; alu_src_mux_ip.vhd  ;
; Altera ; LPM_MUX      ; 25.1    ; N/A          ; N/A          ; |tetris_cpu|pc_next:inst8|alu_src_mux_ip:inst9         ; alu_src_mux_ip.vhd  ;
; Altera ; LPM_ADD_SUB  ; 25.1    ; N/A          ; N/A          ; |tetris_cpu|alu:inst10|alu_adder:inst3                 ; alu_adder.vhd       ;
; Altera ; LPM_COMPARE  ; 25.1    ; N/A          ; N/A          ; |tetris_cpu|alu:inst10|alu_compare:inst10              ; alu_compare.vhd     ;
; Altera ; LPM_MUX      ; 25.1    ; N/A          ; N/A          ; |tetris_cpu|alu:inst10|alu_mux:inst11                  ; alu_mux.vhd         ;
; Altera ; ROM: 1-PORT  ; 25.1    ; N/A          ; N/A          ; |tetris_cpu|instruction:inst12|instruction_rom:inst    ; instruction_rom.vhd ;
; Altera ; LPM_MUX      ; 25.1    ; N/A          ; N/A          ; |tetris_cpu|alu_src_mux_ip:inst14                      ; alu_src_mux_ip.vhd  ;
+--------+--------------+---------+--------------+--------------+--------------------------------------------------------+---------------------+


+----------------------------------------------------------------------------------------------------------------------------------+
; Source assignments for instruction_decoder:inst3|control_rom:inst|altsyncram:altsyncram_component|altsyncram_d224:auto_generated ;
+---------------------------------+--------------------+------+--------------------------------------------------------------------+
; Assignment                      ; Value              ; From ; To                                                                 ;
+---------------------------------+--------------------+------+--------------------------------------------------------------------+
; OPTIMIZE_POWER_DURING_SYNTHESIS ; NORMAL_COMPILATION ; -    ; -                                                                  ;
+---------------------------------+--------------------+------+--------------------------------------------------------------------+


+-------------------------------------------------------------------------------------------------------------------------------+
; Source assignments for instruction:inst12|instruction_rom:inst|altsyncram:altsyncram_component|altsyncram_i024:auto_generated ;
+---------------------------------+--------------------+------+-----------------------------------------------------------------+
; Assignment                      ; Value              ; From ; To                                                              ;
+---------------------------------+--------------------+------+-----------------------------------------------------------------+
; OPTIMIZE_POWER_DURING_SYNTHESIS ; NORMAL_COMPILATION ; -    ; -                                                               ;
+---------------------------------+--------------------+------+-----------------------------------------------------------------+


+--------------------------------------------------------------------------------------------------------------------------+
; Source assignments for register_file:inst4|reg_mem_a:inst|altsyncram:altsyncram_component|altsyncram_92u3:auto_generated ;
+---------------------------------+--------------------+------+------------------------------------------------------------+
; Assignment                      ; Value              ; From ; To                                                         ;
+---------------------------------+--------------------+------+------------------------------------------------------------+
; OPTIMIZE_POWER_DURING_SYNTHESIS ; NORMAL_COMPILATION ; -    ; -                                                          ;
+---------------------------------+--------------------+------+------------------------------------------------------------+


+---------------------------------------------------------------------------------------------------------------------------+
; Source assignments for register_file:inst4|reg_mem_a:inst1|altsyncram:altsyncram_component|altsyncram_92u3:auto_generated ;
+---------------------------------+--------------------+------+-------------------------------------------------------------+
; Assignment                      ; Value              ; From ; To                                                          ;
+---------------------------------+--------------------+------+-------------------------------------------------------------+
; OPTIMIZE_POWER_DURING_SYNTHESIS ; NORMAL_COMPILATION ; -    ; -                                                           ;
+---------------------------------+--------------------+------+-------------------------------------------------------------+


+--------------------------------------------------------------------------------------------------------------------+
; Source assignments for data_mem:inst1|data_ram:inst|altsyncram:altsyncram_component|altsyncram_isu3:auto_generated ;
+---------------------------------+--------------------+------+------------------------------------------------------+
; Assignment                      ; Value              ; From ; To                                                   ;
+---------------------------------+--------------------+------+------------------------------------------------------+
; OPTIMIZE_POWER_DURING_SYNTHESIS ; NORMAL_COMPILATION ; -    ; -                                                    ;
+---------------------------------+--------------------+------+------------------------------------------------------+


+--------------------------------------------------------------------------------------------------------------+
; Parameter Settings for User Entity Instance: alu:inst10|alu_compare:inst10|lpm_compare:LPM_COMPARE_component ;
+------------------------+-----------+-------------------------------------------------------------------------+
; Parameter Name         ; Value     ; Type                                                                    ;
+------------------------+-----------+-------------------------------------------------------------------------+
; lpm_width              ; 32        ; Signed Integer                                                          ;
; LPM_REPRESENTATION     ; SIGNED    ; Untyped                                                                 ;
; LPM_PIPELINE           ; 0         ; Untyped                                                                 ;
; CHAIN_SIZE             ; 8         ; Untyped                                                                 ;
; ONE_INPUT_IS_CONSTANT  ; NO        ; Untyped                                                                 ;
; CARRY_CHAIN            ; MANUAL    ; Untyped                                                                 ;
; CASCADE_CHAIN          ; MANUAL    ; Untyped                                                                 ;
; CARRY_CHAIN_LENGTH     ; 48        ; CARRY_CHAIN_LENGTH                                                      ;
; CASCADE_CHAIN_LENGTH   ; 2         ; CASCADE_CHAIN_LENGTH                                                    ;
; DEVICE_FAMILY          ; Cyclone V ; Untyped                                                                 ;
; CBXI_PARAMETER         ; cmpr_ajg  ; Untyped                                                                 ;
; AUTO_CARRY_CHAINS      ; ON        ; AUTO_CARRY                                                              ;
; IGNORE_CARRY_BUFFERS   ; OFF       ; IGNORE_CARRY                                                            ;
; AUTO_CASCADE_CHAINS    ; ON        ; AUTO_CASCADE                                                            ;
; IGNORE_CASCADE_BUFFERS ; OFF       ; IGNORE_CASCADE                                                          ;
+------------------------+-----------+-------------------------------------------------------------------------+
Note: In order to hide this table in the UI and the text report file, please set the "Show Parameter Settings in Synthesis Report" option in "Analysis and Synthesis Settings -> More Settings" to "Off".


+--------------------------------------------------------------------------------------------------+
; Parameter Settings for User Entity Instance: alu:inst10|alu_mux:inst11|LPM_MUX:LPM_MUX_component ;
+------------------------+-----------+-------------------------------------------------------------+
; Parameter Name         ; Value     ; Type                                                        ;
+------------------------+-----------+-------------------------------------------------------------+
; AUTO_CARRY_CHAINS      ; ON        ; AUTO_CARRY                                                  ;
; IGNORE_CARRY_BUFFERS   ; OFF       ; IGNORE_CARRY                                                ;
; AUTO_CASCADE_CHAINS    ; ON        ; AUTO_CASCADE                                                ;
; IGNORE_CASCADE_BUFFERS ; OFF       ; IGNORE_CASCADE                                              ;
; LPM_WIDTH              ; 32        ; Signed Integer                                              ;
; LPM_SIZE               ; 8         ; Signed Integer                                              ;
; LPM_WIDTHS             ; 3         ; Signed Integer                                              ;
; LPM_PIPELINE           ; 0         ; Signed Integer                                              ;
; CBXI_PARAMETER         ; mux_02e   ; Untyped                                                     ;
; DEVICE_FAMILY          ; Cyclone V ; Untyped                                                     ;
+------------------------+-----------+-------------------------------------------------------------+
Note: In order to hide this table in the UI and the text report file, please set the "Show Parameter Settings in Synthesis Report" option in "Analysis and Synthesis Settings -> More Settings" to "Off".


+-----------------------------------------------------------------------------------------------------------+
; Parameter Settings for User Entity Instance: alu:inst10|alu_adder:inst3|lpm_add_sub:LPM_ADD_SUB_component ;
+------------------------+-------------+--------------------------------------------------------------------+
; Parameter Name         ; Value       ; Type                                                               ;
+------------------------+-------------+--------------------------------------------------------------------+
; LPM_WIDTH              ; 32          ; Signed Integer                                                     ;
; LPM_REPRESENTATION     ; SIGNED      ; Untyped                                                            ;
; LPM_DIRECTION          ; DEFAULT     ; Untyped                                                            ;
; ONE_INPUT_IS_CONSTANT  ; NO          ; Untyped                                                            ;
; LPM_PIPELINE           ; 0           ; Untyped                                                            ;
; MAXIMIZE_SPEED         ; 5           ; Untyped                                                            ;
; REGISTERED_AT_END      ; 0           ; Untyped                                                            ;
; OPTIMIZE_FOR_SPEED     ; 5           ; Untyped                                                            ;
; USE_CS_BUFFERS         ; 1           ; Untyped                                                            ;
; CARRY_CHAIN            ; MANUAL      ; Untyped                                                            ;
; CARRY_CHAIN_LENGTH     ; 48          ; CARRY_CHAIN_LENGTH                                                 ;
; DEVICE_FAMILY          ; Cyclone V   ; Untyped                                                            ;
; USE_WYS                ; OFF         ; Untyped                                                            ;
; STYLE                  ; FAST        ; Untyped                                                            ;
; CBXI_PARAMETER         ; add_sub_p9g ; Untyped                                                            ;
; AUTO_CARRY_CHAINS      ; ON          ; AUTO_CARRY                                                         ;
; IGNORE_CARRY_BUFFERS   ; OFF         ; IGNORE_CARRY                                                       ;
; AUTO_CASCADE_CHAINS    ; ON          ; AUTO_CASCADE                                                       ;
; IGNORE_CASCADE_BUFFERS ; OFF         ; IGNORE_CASCADE                                                     ;
+------------------------+-------------+--------------------------------------------------------------------+
Note: In order to hide this table in the UI and the text report file, please set the "Show Parameter Settings in Synthesis Report" option in "Analysis and Synthesis Settings -> More Settings" to "Off".


+-------------------------------------------------------------------------------------------------------------------------+
; Parameter Settings for User Entity Instance: instruction_decoder:inst3|control_rom:inst|altsyncram:altsyncram_component ;
+------------------------------------+----------------------+-------------------------------------------------------------+
; Parameter Name                     ; Value                ; Type                                                        ;
+------------------------------------+----------------------+-------------------------------------------------------------+
; BYTE_SIZE_BLOCK                    ; 8                    ; Untyped                                                     ;
; AUTO_CARRY_CHAINS                  ; ON                   ; AUTO_CARRY                                                  ;
; IGNORE_CARRY_BUFFERS               ; OFF                  ; IGNORE_CARRY                                                ;
; AUTO_CASCADE_CHAINS                ; ON                   ; AUTO_CASCADE                                                ;
; IGNORE_CASCADE_BUFFERS             ; OFF                  ; IGNORE_CASCADE                                              ;
; WIDTH_BYTEENA                      ; 1                    ; Untyped                                                     ;
; OPERATION_MODE                     ; ROM                  ; Untyped                                                     ;
; WIDTH_A                            ; 10                   ; Signed Integer                                              ;
; WIDTHAD_A                          ; 10                   ; Signed Integer                                              ;
; NUMWORDS_A                         ; 1024                 ; Signed Integer                                              ;
; OUTDATA_REG_A                      ; CLOCK0               ; Untyped                                                     ;
; ADDRESS_ACLR_A                     ; NONE                 ; Untyped                                                     ;
; OUTDATA_ACLR_A                     ; NONE                 ; Untyped                                                     ;
; WRCONTROL_ACLR_A                   ; NONE                 ; Untyped                                                     ;
; INDATA_ACLR_A                      ; NONE                 ; Untyped                                                     ;
; BYTEENA_ACLR_A                     ; NONE                 ; Untyped                                                     ;
; WIDTH_B                            ; 1                    ; Signed Integer                                              ;
; WIDTHAD_B                          ; 1                    ; Signed Integer                                              ;
; NUMWORDS_B                         ; 0                    ; Signed Integer                                              ;
; INDATA_REG_B                       ; CLOCK1               ; Untyped                                                     ;
; WRCONTROL_WRADDRESS_REG_B          ; CLOCK1               ; Untyped                                                     ;
; RDCONTROL_REG_B                    ; CLOCK1               ; Untyped                                                     ;
; ADDRESS_REG_B                      ; CLOCK1               ; Untyped                                                     ;
; OUTDATA_REG_B                      ; UNREGISTERED         ; Untyped                                                     ;
; BYTEENA_REG_B                      ; CLOCK1               ; Untyped                                                     ;
; INDATA_ACLR_B                      ; NONE                 ; Untyped                                                     ;
; WRCONTROL_ACLR_B                   ; NONE                 ; Untyped                                                     ;
; ADDRESS_ACLR_B                     ; NONE                 ; Untyped                                                     ;
; OUTDATA_ACLR_B                     ; NONE                 ; Untyped                                                     ;
; RDCONTROL_ACLR_B                   ; NONE                 ; Untyped                                                     ;
; BYTEENA_ACLR_B                     ; NONE                 ; Untyped                                                     ;
; WIDTH_BYTEENA_A                    ; 1                    ; Signed Integer                                              ;
; WIDTH_BYTEENA_B                    ; 1                    ; Signed Integer                                              ;
; RAM_BLOCK_TYPE                     ; AUTO                 ; Untyped                                                     ;
; BYTE_SIZE                          ; 8                    ; Signed Integer                                              ;
; READ_DURING_WRITE_MODE_MIXED_PORTS ; DONT_CARE            ; Untyped                                                     ;
; READ_DURING_WRITE_MODE_PORT_A      ; NEW_DATA_NO_NBE_READ ; Untyped                                                     ;
; READ_DURING_WRITE_MODE_PORT_B      ; NEW_DATA_NO_NBE_READ ; Untyped                                                     ;
; INIT_FILE                          ; control_rom.mif      ; Untyped                                                     ;
; INIT_FILE_LAYOUT                   ; PORT_A               ; Untyped                                                     ;
; MAXIMUM_DEPTH                      ; 0                    ; Signed Integer                                              ;
; CLOCK_ENABLE_INPUT_A               ; BYPASS               ; Untyped                                                     ;
; CLOCK_ENABLE_INPUT_B               ; NORMAL               ; Untyped                                                     ;
; CLOCK_ENABLE_OUTPUT_A              ; BYPASS               ; Untyped                                                     ;
; CLOCK_ENABLE_OUTPUT_B              ; NORMAL               ; Untyped                                                     ;
; CLOCK_ENABLE_CORE_A                ; USE_INPUT_CLKEN      ; Untyped                                                     ;
; CLOCK_ENABLE_CORE_B                ; USE_INPUT_CLKEN      ; Untyped                                                     ;
; ENABLE_ECC                         ; FALSE                ; Untyped                                                     ;
; ECC_PIPELINE_STAGE_ENABLED         ; FALSE                ; Untyped                                                     ;
; WIDTH_ECCSTATUS                    ; 3                    ; Signed Integer                                              ;
; DEVICE_FAMILY                      ; Cyclone V            ; Untyped                                                     ;
; CBXI_PARAMETER                     ; altsyncram_d224      ; Untyped                                                     ;
+------------------------------------+----------------------+-------------------------------------------------------------+
Note: In order to hide this table in the UI and the text report file, please set the "Show Parameter Settings in Synthesis Report" option in "Analysis and Synthesis Settings -> More Settings" to "Off".


+----------------------------------------------------------------------------------------------------------------------+
; Parameter Settings for User Entity Instance: instruction:inst12|instruction_rom:inst|altsyncram:altsyncram_component ;
+------------------------------------+----------------------+----------------------------------------------------------+
; Parameter Name                     ; Value                ; Type                                                     ;
+------------------------------------+----------------------+----------------------------------------------------------+
; BYTE_SIZE_BLOCK                    ; 8                    ; Untyped                                                  ;
; AUTO_CARRY_CHAINS                  ; ON                   ; AUTO_CARRY                                               ;
; IGNORE_CARRY_BUFFERS               ; OFF                  ; IGNORE_CARRY                                             ;
; AUTO_CASCADE_CHAINS                ; ON                   ; AUTO_CASCADE                                             ;
; IGNORE_CASCADE_BUFFERS             ; OFF                  ; IGNORE_CASCADE                                           ;
; WIDTH_BYTEENA                      ; 1                    ; Untyped                                                  ;
; OPERATION_MODE                     ; ROM                  ; Untyped                                                  ;
; WIDTH_A                            ; 32                   ; Signed Integer                                           ;
; WIDTHAD_A                          ; 8                    ; Signed Integer                                           ;
; NUMWORDS_A                         ; 256                  ; Signed Integer                                           ;
; OUTDATA_REG_A                      ; CLOCK0               ; Untyped                                                  ;
; ADDRESS_ACLR_A                     ; NONE                 ; Untyped                                                  ;
; OUTDATA_ACLR_A                     ; NONE                 ; Untyped                                                  ;
; WRCONTROL_ACLR_A                   ; NONE                 ; Untyped                                                  ;
; INDATA_ACLR_A                      ; NONE                 ; Untyped                                                  ;
; BYTEENA_ACLR_A                     ; NONE                 ; Untyped                                                  ;
; WIDTH_B                            ; 1                    ; Signed Integer                                           ;
; WIDTHAD_B                          ; 1                    ; Signed Integer                                           ;
; NUMWORDS_B                         ; 0                    ; Signed Integer                                           ;
; INDATA_REG_B                       ; CLOCK1               ; Untyped                                                  ;
; WRCONTROL_WRADDRESS_REG_B          ; CLOCK1               ; Untyped                                                  ;
; RDCONTROL_REG_B                    ; CLOCK1               ; Untyped                                                  ;
; ADDRESS_REG_B                      ; CLOCK1               ; Untyped                                                  ;
; OUTDATA_REG_B                      ; UNREGISTERED         ; Untyped                                                  ;
; BYTEENA_REG_B                      ; CLOCK1               ; Untyped                                                  ;
; INDATA_ACLR_B                      ; NONE                 ; Untyped                                                  ;
; WRCONTROL_ACLR_B                   ; NONE                 ; Untyped                                                  ;
; ADDRESS_ACLR_B                     ; NONE                 ; Untyped                                                  ;
; OUTDATA_ACLR_B                     ; NONE                 ; Untyped                                                  ;
; RDCONTROL_ACLR_B                   ; NONE                 ; Untyped                                                  ;
; BYTEENA_ACLR_B                     ; NONE                 ; Untyped                                                  ;
; WIDTH_BYTEENA_A                    ; 1                    ; Signed Integer                                           ;
; WIDTH_BYTEENA_B                    ; 1                    ; Signed Integer                                           ;
; RAM_BLOCK_TYPE                     ; AUTO                 ; Untyped                                                  ;
; BYTE_SIZE                          ; 8                    ; Signed Integer                                           ;
; READ_DURING_WRITE_MODE_MIXED_PORTS ; DONT_CARE            ; Untyped                                                  ;
; READ_DURING_WRITE_MODE_PORT_A      ; NEW_DATA_NO_NBE_READ ; Untyped                                                  ;
; READ_DURING_WRITE_MODE_PORT_B      ; NEW_DATA_NO_NBE_READ ; Untyped                                                  ;
; INIT_FILE                          ; instruction.mif      ; Untyped                                                  ;
; INIT_FILE_LAYOUT                   ; PORT_A               ; Untyped                                                  ;
; MAXIMUM_DEPTH                      ; 0                    ; Signed Integer                                           ;
; CLOCK_ENABLE_INPUT_A               ; BYPASS               ; Untyped                                                  ;
; CLOCK_ENABLE_INPUT_B               ; NORMAL               ; Untyped                                                  ;
; CLOCK_ENABLE_OUTPUT_A              ; BYPASS               ; Untyped                                                  ;
; CLOCK_ENABLE_OUTPUT_B              ; NORMAL               ; Untyped                                                  ;
; CLOCK_ENABLE_CORE_A                ; USE_INPUT_CLKEN      ; Untyped                                                  ;
; CLOCK_ENABLE_CORE_B                ; USE_INPUT_CLKEN      ; Untyped                                                  ;
; ENABLE_ECC                         ; FALSE                ; Untyped                                                  ;
; ECC_PIPELINE_STAGE_ENABLED         ; FALSE                ; Untyped                                                  ;
; WIDTH_ECCSTATUS                    ; 3                    ; Signed Integer                                           ;
; DEVICE_FAMILY                      ; Cyclone V            ; Untyped                                                  ;
; CBXI_PARAMETER                     ; altsyncram_i024      ; Untyped                                                  ;
+------------------------------------+----------------------+----------------------------------------------------------+
Note: In order to hide this table in the UI and the text report file, please set the "Show Parameter Settings in Synthesis Report" option in "Analysis and Synthesis Settings -> More Settings" to "Off".


+-----------------------------------------------------------------------------------------------------------+
; Parameter Settings for User Entity Instance: pc:inst|pc_register:inst|lpm_shiftreg:LPM_SHIFTREG_component ;
+------------------------+-----------+----------------------------------------------------------------------+
; Parameter Name         ; Value     ; Type                                                                 ;
+------------------------+-----------+----------------------------------------------------------------------+
; LPM_WIDTH              ; 32        ; Signed Integer                                                       ;
; LPM_DIRECTION          ; LEFT      ; Untyped                                                              ;
; LPM_AVALUE             ; UNUSED    ; Untyped                                                              ;
; LPM_SVALUE             ; UNUSED    ; Untyped                                                              ;
; DEVICE_FAMILY          ; Cyclone V ; Untyped                                                              ;
; AUTO_CARRY_CHAINS      ; ON        ; AUTO_CARRY                                                           ;
; IGNORE_CARRY_BUFFERS   ; OFF       ; IGNORE_CARRY                                                         ;
; AUTO_CASCADE_CHAINS    ; ON        ; AUTO_CASCADE                                                         ;
; IGNORE_CASCADE_BUFFERS ; OFF       ; IGNORE_CASCADE                                                       ;
+------------------------+-----------+----------------------------------------------------------------------+
Note: In order to hide this table in the UI and the text report file, please set the "Show Parameter Settings in Synthesis Report" option in "Analysis and Synthesis Settings -> More Settings" to "Off".


+-----------------------------------------------------------------------------------------------------------+
; Parameter Settings for User Entity Instance: pc_next:inst8|alu_src_mux_ip:inst9|LPM_MUX:LPM_MUX_component ;
+------------------------+-----------+----------------------------------------------------------------------+
; Parameter Name         ; Value     ; Type                                                                 ;
+------------------------+-----------+----------------------------------------------------------------------+
; AUTO_CARRY_CHAINS      ; ON        ; AUTO_CARRY                                                           ;
; IGNORE_CARRY_BUFFERS   ; OFF       ; IGNORE_CARRY                                                         ;
; AUTO_CASCADE_CHAINS    ; ON        ; AUTO_CASCADE                                                         ;
; IGNORE_CASCADE_BUFFERS ; OFF       ; IGNORE_CASCADE                                                       ;
; LPM_WIDTH              ; 32        ; Signed Integer                                                       ;
; LPM_SIZE               ; 2         ; Signed Integer                                                       ;
; LPM_WIDTHS             ; 1         ; Signed Integer                                                       ;
; LPM_PIPELINE           ; 0         ; Signed Integer                                                       ;
; CBXI_PARAMETER         ; mux_o1e   ; Untyped                                                              ;
; DEVICE_FAMILY          ; Cyclone V ; Untyped                                                              ;
+------------------------+-----------+----------------------------------------------------------------------+
Note: In order to hide this table in the UI and the text report file, please set the "Show Parameter Settings in Synthesis Report" option in "Analysis and Synthesis Settings -> More Settings" to "Off".


+-------------------------------------------------------------------------------------------------------------+
; Parameter Settings for User Entity Instance: pc_next:inst8|alu_adder:inst|lpm_add_sub:LPM_ADD_SUB_component ;
+------------------------+-------------+----------------------------------------------------------------------+
; Parameter Name         ; Value       ; Type                                                                 ;
+------------------------+-------------+----------------------------------------------------------------------+
; LPM_WIDTH              ; 32          ; Signed Integer                                                       ;
; LPM_REPRESENTATION     ; SIGNED      ; Untyped                                                              ;
; LPM_DIRECTION          ; DEFAULT     ; Untyped                                                              ;
; ONE_INPUT_IS_CONSTANT  ; NO          ; Untyped                                                              ;
; LPM_PIPELINE           ; 0           ; Untyped                                                              ;
; MAXIMIZE_SPEED         ; 5           ; Untyped                                                              ;
; REGISTERED_AT_END      ; 0           ; Untyped                                                              ;
; OPTIMIZE_FOR_SPEED     ; 5           ; Untyped                                                              ;
; USE_CS_BUFFERS         ; 1           ; Untyped                                                              ;
; CARRY_CHAIN            ; MANUAL      ; Untyped                                                              ;
; CARRY_CHAIN_LENGTH     ; 48          ; CARRY_CHAIN_LENGTH                                                   ;
; DEVICE_FAMILY          ; Cyclone V   ; Untyped                                                              ;
; USE_WYS                ; OFF         ; Untyped                                                              ;
; STYLE                  ; FAST        ; Untyped                                                              ;
; CBXI_PARAMETER         ; add_sub_p9g ; Untyped                                                              ;
; AUTO_CARRY_CHAINS      ; ON          ; AUTO_CARRY                                                           ;
; IGNORE_CARRY_BUFFERS   ; OFF         ; IGNORE_CARRY                                                         ;
; AUTO_CASCADE_CHAINS    ; ON          ; AUTO_CASCADE                                                         ;
; IGNORE_CASCADE_BUFFERS ; OFF         ; IGNORE_CASCADE                                                       ;
+------------------------+-------------+----------------------------------------------------------------------+
Note: In order to hide this table in the UI and the text report file, please set the "Show Parameter Settings in Synthesis Report" option in "Analysis and Synthesis Settings -> More Settings" to "Off".


+-----------------------------------------------------------------------------------------------------------+
; Parameter Settings for User Entity Instance: pc_next:inst8|alu_src_mux_ip:inst8|LPM_MUX:LPM_MUX_component ;
+------------------------+-----------+----------------------------------------------------------------------+
; Parameter Name         ; Value     ; Type                                                                 ;
+------------------------+-----------+----------------------------------------------------------------------+
; AUTO_CARRY_CHAINS      ; ON        ; AUTO_CARRY                                                           ;
; IGNORE_CARRY_BUFFERS   ; OFF       ; IGNORE_CARRY                                                         ;
; AUTO_CASCADE_CHAINS    ; ON        ; AUTO_CASCADE                                                         ;
; IGNORE_CASCADE_BUFFERS ; OFF       ; IGNORE_CASCADE                                                       ;
; LPM_WIDTH              ; 32        ; Signed Integer                                                       ;
; LPM_SIZE               ; 2         ; Signed Integer                                                       ;
; LPM_WIDTHS             ; 1         ; Signed Integer                                                       ;
; LPM_PIPELINE           ; 0         ; Signed Integer                                                       ;
; CBXI_PARAMETER         ; mux_o1e   ; Untyped                                                              ;
; DEVICE_FAMILY          ; Cyclone V ; Untyped                                                              ;
+------------------------+-----------+----------------------------------------------------------------------+
Note: In order to hide this table in the UI and the text report file, please set the "Show Parameter Settings in Synthesis Report" option in "Analysis and Synthesis Settings -> More Settings" to "Off".


+--------------------------------------------------------------------------------------------------------------+
; Parameter Settings for User Entity Instance: pc_next:inst8|alu_adder:inst1|lpm_add_sub:LPM_ADD_SUB_component ;
+------------------------+-------------+-----------------------------------------------------------------------+
; Parameter Name         ; Value       ; Type                                                                  ;
+------------------------+-------------+-----------------------------------------------------------------------+
; LPM_WIDTH              ; 32          ; Signed Integer                                                        ;
; LPM_REPRESENTATION     ; SIGNED      ; Untyped                                                               ;
; LPM_DIRECTION          ; DEFAULT     ; Untyped                                                               ;
; ONE_INPUT_IS_CONSTANT  ; NO          ; Untyped                                                               ;
; LPM_PIPELINE           ; 0           ; Untyped                                                               ;
; MAXIMIZE_SPEED         ; 5           ; Untyped                                                               ;
; REGISTERED_AT_END      ; 0           ; Untyped                                                               ;
; OPTIMIZE_FOR_SPEED     ; 5           ; Untyped                                                               ;
; USE_CS_BUFFERS         ; 1           ; Untyped                                                               ;
; CARRY_CHAIN            ; MANUAL      ; Untyped                                                               ;
; CARRY_CHAIN_LENGTH     ; 48          ; CARRY_CHAIN_LENGTH                                                    ;
; DEVICE_FAMILY          ; Cyclone V   ; Untyped                                                               ;
; USE_WYS                ; OFF         ; Untyped                                                               ;
; STYLE                  ; FAST        ; Untyped                                                               ;
; CBXI_PARAMETER         ; add_sub_p9g ; Untyped                                                               ;
; AUTO_CARRY_CHAINS      ; ON          ; AUTO_CARRY                                                            ;
; IGNORE_CARRY_BUFFERS   ; OFF         ; IGNORE_CARRY                                                          ;
; AUTO_CASCADE_CHAINS    ; ON          ; AUTO_CASCADE                                                          ;
; IGNORE_CASCADE_BUFFERS ; OFF         ; IGNORE_CASCADE                                                        ;
+------------------------+-------------+-----------------------------------------------------------------------+
Note: In order to hide this table in the UI and the text report file, please set the "Show Parameter Settings in Synthesis Report" option in "Analysis and Synthesis Settings -> More Settings" to "Off".


+--------------------------------------------------------------------------------------------------------------+
; Parameter Settings for User Entity Instance: pc_next:inst8|alu_adder:inst2|lpm_add_sub:LPM_ADD_SUB_component ;
+------------------------+-------------+-----------------------------------------------------------------------+
; Parameter Name         ; Value       ; Type                                                                  ;
+------------------------+-------------+-----------------------------------------------------------------------+
; LPM_WIDTH              ; 32          ; Signed Integer                                                        ;
; LPM_REPRESENTATION     ; SIGNED      ; Untyped                                                               ;
; LPM_DIRECTION          ; DEFAULT     ; Untyped                                                               ;
; ONE_INPUT_IS_CONSTANT  ; NO          ; Untyped                                                               ;
; LPM_PIPELINE           ; 0           ; Untyped                                                               ;
; MAXIMIZE_SPEED         ; 5           ; Untyped                                                               ;
; REGISTERED_AT_END      ; 0           ; Untyped                                                               ;
; OPTIMIZE_FOR_SPEED     ; 5           ; Untyped                                                               ;
; USE_CS_BUFFERS         ; 1           ; Untyped                                                               ;
; CARRY_CHAIN            ; MANUAL      ; Untyped                                                               ;
; CARRY_CHAIN_LENGTH     ; 48          ; CARRY_CHAIN_LENGTH                                                    ;
; DEVICE_FAMILY          ; Cyclone V   ; Untyped                                                               ;
; USE_WYS                ; OFF         ; Untyped                                                               ;
; STYLE                  ; FAST        ; Untyped                                                               ;
; CBXI_PARAMETER         ; add_sub_p9g ; Untyped                                                               ;
; AUTO_CARRY_CHAINS      ; ON          ; AUTO_CARRY                                                            ;
; IGNORE_CARRY_BUFFERS   ; OFF         ; IGNORE_CARRY                                                          ;
; AUTO_CASCADE_CHAINS    ; ON          ; AUTO_CASCADE                                                          ;
; IGNORE_CASCADE_BUFFERS ; OFF         ; IGNORE_CASCADE                                                        ;
+------------------------+-------------+-----------------------------------------------------------------------+
Note: In order to hide this table in the UI and the text report file, please set the "Show Parameter Settings in Synthesis Report" option in "Analysis and Synthesis Settings -> More Settings" to "Off".


+-----------------------------------------------------------------------------------------------------------------+
; Parameter Settings for User Entity Instance: register_file:inst4|reg_mem_a:inst|altsyncram:altsyncram_component ;
+------------------------------------+----------------------+-----------------------------------------------------+
; Parameter Name                     ; Value                ; Type                                                ;
+------------------------------------+----------------------+-----------------------------------------------------+
; BYTE_SIZE_BLOCK                    ; 8                    ; Untyped                                             ;
; AUTO_CARRY_CHAINS                  ; ON                   ; AUTO_CARRY                                          ;
; IGNORE_CARRY_BUFFERS               ; OFF                  ; IGNORE_CARRY                                        ;
; AUTO_CASCADE_CHAINS                ; ON                   ; AUTO_CASCADE                                        ;
; IGNORE_CASCADE_BUFFERS             ; OFF                  ; IGNORE_CASCADE                                      ;
; WIDTH_BYTEENA                      ; 1                    ; Untyped                                             ;
; OPERATION_MODE                     ; DUAL_PORT            ; Untyped                                             ;
; WIDTH_A                            ; 32                   ; Signed Integer                                      ;
; WIDTHAD_A                          ; 4                    ; Signed Integer                                      ;
; NUMWORDS_A                         ; 16                   ; Signed Integer                                      ;
; OUTDATA_REG_A                      ; UNREGISTERED         ; Untyped                                             ;
; ADDRESS_ACLR_A                     ; NONE                 ; Untyped                                             ;
; OUTDATA_ACLR_A                     ; NONE                 ; Untyped                                             ;
; WRCONTROL_ACLR_A                   ; NONE                 ; Untyped                                             ;
; INDATA_ACLR_A                      ; NONE                 ; Untyped                                             ;
; BYTEENA_ACLR_A                     ; NONE                 ; Untyped                                             ;
; WIDTH_B                            ; 32                   ; Signed Integer                                      ;
; WIDTHAD_B                          ; 4                    ; Signed Integer                                      ;
; NUMWORDS_B                         ; 16                   ; Signed Integer                                      ;
; INDATA_REG_B                       ; CLOCK1               ; Untyped                                             ;
; WRCONTROL_WRADDRESS_REG_B          ; CLOCK1               ; Untyped                                             ;
; RDCONTROL_REG_B                    ; CLOCK1               ; Untyped                                             ;
; ADDRESS_REG_B                      ; CLOCK0               ; Untyped                                             ;
; OUTDATA_REG_B                      ; CLOCK0               ; Untyped                                             ;
; BYTEENA_REG_B                      ; CLOCK1               ; Untyped                                             ;
; INDATA_ACLR_B                      ; NONE                 ; Untyped                                             ;
; WRCONTROL_ACLR_B                   ; NONE                 ; Untyped                                             ;
; ADDRESS_ACLR_B                     ; NONE                 ; Untyped                                             ;
; OUTDATA_ACLR_B                     ; NONE                 ; Untyped                                             ;
; RDCONTROL_ACLR_B                   ; NONE                 ; Untyped                                             ;
; BYTEENA_ACLR_B                     ; NONE                 ; Untyped                                             ;
; WIDTH_BYTEENA_A                    ; 1                    ; Signed Integer                                      ;
; WIDTH_BYTEENA_B                    ; 1                    ; Signed Integer                                      ;
; RAM_BLOCK_TYPE                     ; AUTO                 ; Untyped                                             ;
; BYTE_SIZE                          ; 8                    ; Signed Integer                                      ;
; READ_DURING_WRITE_MODE_MIXED_PORTS ; DONT_CARE            ; Untyped                                             ;
; READ_DURING_WRITE_MODE_PORT_A      ; NEW_DATA_NO_NBE_READ ; Untyped                                             ;
; READ_DURING_WRITE_MODE_PORT_B      ; NEW_DATA_NO_NBE_READ ; Untyped                                             ;
; INIT_FILE                          ; UNUSED               ; Untyped                                             ;
; INIT_FILE_LAYOUT                   ; PORT_A               ; Untyped                                             ;
; MAXIMUM_DEPTH                      ; 0                    ; Signed Integer                                      ;
; CLOCK_ENABLE_INPUT_A               ; BYPASS               ; Untyped                                             ;
; CLOCK_ENABLE_INPUT_B               ; BYPASS               ; Untyped                                             ;
; CLOCK_ENABLE_OUTPUT_A              ; NORMAL               ; Untyped                                             ;
; CLOCK_ENABLE_OUTPUT_B              ; BYPASS               ; Untyped                                             ;
; CLOCK_ENABLE_CORE_A                ; USE_INPUT_CLKEN      ; Untyped                                             ;
; CLOCK_ENABLE_CORE_B                ; USE_INPUT_CLKEN      ; Untyped                                             ;
; ENABLE_ECC                         ; FALSE                ; Untyped                                             ;
; ECC_PIPELINE_STAGE_ENABLED         ; FALSE                ; Untyped                                             ;
; WIDTH_ECCSTATUS                    ; 3                    ; Signed Integer                                      ;
; DEVICE_FAMILY                      ; Cyclone V            ; Untyped                                             ;
; CBXI_PARAMETER                     ; altsyncram_92u3      ; Untyped                                             ;
+------------------------------------+----------------------+-----------------------------------------------------+
Note: In order to hide this table in the UI and the text report file, please set the "Show Parameter Settings in Synthesis Report" option in "Analysis and Synthesis Settings -> More Settings" to "Off".


+------------------------------------------------------------------------------------------------------------------+
; Parameter Settings for User Entity Instance: register_file:inst4|reg_mem_a:inst1|altsyncram:altsyncram_component ;
+------------------------------------+----------------------+------------------------------------------------------+
; Parameter Name                     ; Value                ; Type                                                 ;
+------------------------------------+----------------------+------------------------------------------------------+
; BYTE_SIZE_BLOCK                    ; 8                    ; Untyped                                              ;
; AUTO_CARRY_CHAINS                  ; ON                   ; AUTO_CARRY                                           ;
; IGNORE_CARRY_BUFFERS               ; OFF                  ; IGNORE_CARRY                                         ;
; AUTO_CASCADE_CHAINS                ; ON                   ; AUTO_CASCADE                                         ;
; IGNORE_CASCADE_BUFFERS             ; OFF                  ; IGNORE_CASCADE                                       ;
; WIDTH_BYTEENA                      ; 1                    ; Untyped                                              ;
; OPERATION_MODE                     ; DUAL_PORT            ; Untyped                                              ;
; WIDTH_A                            ; 32                   ; Signed Integer                                       ;
; WIDTHAD_A                          ; 4                    ; Signed Integer                                       ;
; NUMWORDS_A                         ; 16                   ; Signed Integer                                       ;
; OUTDATA_REG_A                      ; UNREGISTERED         ; Untyped                                              ;
; ADDRESS_ACLR_A                     ; NONE                 ; Untyped                                              ;
; OUTDATA_ACLR_A                     ; NONE                 ; Untyped                                              ;
; WRCONTROL_ACLR_A                   ; NONE                 ; Untyped                                              ;
; INDATA_ACLR_A                      ; NONE                 ; Untyped                                              ;
; BYTEENA_ACLR_A                     ; NONE                 ; Untyped                                              ;
; WIDTH_B                            ; 32                   ; Signed Integer                                       ;
; WIDTHAD_B                          ; 4                    ; Signed Integer                                       ;
; NUMWORDS_B                         ; 16                   ; Signed Integer                                       ;
; INDATA_REG_B                       ; CLOCK1               ; Untyped                                              ;
; WRCONTROL_WRADDRESS_REG_B          ; CLOCK1               ; Untyped                                              ;
; RDCONTROL_REG_B                    ; CLOCK1               ; Untyped                                              ;
; ADDRESS_REG_B                      ; CLOCK0               ; Untyped                                              ;
; OUTDATA_REG_B                      ; CLOCK0               ; Untyped                                              ;
; BYTEENA_REG_B                      ; CLOCK1               ; Untyped                                              ;
; INDATA_ACLR_B                      ; NONE                 ; Untyped                                              ;
; WRCONTROL_ACLR_B                   ; NONE                 ; Untyped                                              ;
; ADDRESS_ACLR_B                     ; NONE                 ; Untyped                                              ;
; OUTDATA_ACLR_B                     ; NONE                 ; Untyped                                              ;
; RDCONTROL_ACLR_B                   ; NONE                 ; Untyped                                              ;
; BYTEENA_ACLR_B                     ; NONE                 ; Untyped                                              ;
; WIDTH_BYTEENA_A                    ; 1                    ; Signed Integer                                       ;
; WIDTH_BYTEENA_B                    ; 1                    ; Signed Integer                                       ;
; RAM_BLOCK_TYPE                     ; AUTO                 ; Untyped                                              ;
; BYTE_SIZE                          ; 8                    ; Signed Integer                                       ;
; READ_DURING_WRITE_MODE_MIXED_PORTS ; DONT_CARE            ; Untyped                                              ;
; READ_DURING_WRITE_MODE_PORT_A      ; NEW_DATA_NO_NBE_READ ; Untyped                                              ;
; READ_DURING_WRITE_MODE_PORT_B      ; NEW_DATA_NO_NBE_READ ; Untyped                                              ;
; INIT_FILE                          ; UNUSED               ; Untyped                                              ;
; INIT_FILE_LAYOUT                   ; PORT_A               ; Untyped                                              ;
; MAXIMUM_DEPTH                      ; 0                    ; Signed Integer                                       ;
; CLOCK_ENABLE_INPUT_A               ; BYPASS               ; Untyped                                              ;
; CLOCK_ENABLE_INPUT_B               ; BYPASS               ; Untyped                                              ;
; CLOCK_ENABLE_OUTPUT_A              ; NORMAL               ; Untyped                                              ;
; CLOCK_ENABLE_OUTPUT_B              ; BYPASS               ; Untyped                                              ;
; CLOCK_ENABLE_CORE_A                ; USE_INPUT_CLKEN      ; Untyped                                              ;
; CLOCK_ENABLE_CORE_B                ; USE_INPUT_CLKEN      ; Untyped                                              ;
; ENABLE_ECC                         ; FALSE                ; Untyped                                              ;
; ECC_PIPELINE_STAGE_ENABLED         ; FALSE                ; Untyped                                              ;
; WIDTH_ECCSTATUS                    ; 3                    ; Signed Integer                                       ;
; DEVICE_FAMILY                      ; Cyclone V            ; Untyped                                              ;
; CBXI_PARAMETER                     ; altsyncram_92u3      ; Untyped                                              ;
+------------------------------------+----------------------+------------------------------------------------------+
Note: In order to hide this table in the UI and the text report file, please set the "Show Parameter Settings in Synthesis Report" option in "Analysis and Synthesis Settings -> More Settings" to "Off".


+----------------------------------------------------------------------------------------------+
; Parameter Settings for User Entity Instance: alu_src_mux_ip:inst14|LPM_MUX:LPM_MUX_component ;
+------------------------+-----------+---------------------------------------------------------+
; Parameter Name         ; Value     ; Type                                                    ;
+------------------------+-----------+---------------------------------------------------------+
; AUTO_CARRY_CHAINS      ; ON        ; AUTO_CARRY                                              ;
; IGNORE_CARRY_BUFFERS   ; OFF       ; IGNORE_CARRY                                            ;
; AUTO_CASCADE_CHAINS    ; ON        ; AUTO_CASCADE                                            ;
; IGNORE_CASCADE_BUFFERS ; OFF       ; IGNORE_CASCADE                                          ;
; LPM_WIDTH              ; 32        ; Signed Integer                                          ;
; LPM_SIZE               ; 2         ; Signed Integer                                          ;
; LPM_WIDTHS             ; 1         ; Signed Integer                                          ;
; LPM_PIPELINE           ; 0         ; Signed Integer                                          ;
; CBXI_PARAMETER         ; mux_o1e   ; Untyped                                                 ;
; DEVICE_FAMILY          ; Cyclone V ; Untyped                                                 ;
+------------------------+-----------+---------------------------------------------------------+
Note: In order to hide this table in the UI and the text report file, please set the "Show Parameter Settings in Synthesis Report" option in "Analysis and Synthesis Settings -> More Settings" to "Off".


+-----------------------------------------------------------------------------------------------------------+
; Parameter Settings for User Entity Instance: data_mem:inst1|data_ram:inst|altsyncram:altsyncram_component ;
+------------------------------------+----------------------+-----------------------------------------------+
; Parameter Name                     ; Value                ; Type                                          ;
+------------------------------------+----------------------+-----------------------------------------------+
; BYTE_SIZE_BLOCK                    ; 8                    ; Untyped                                       ;
; AUTO_CARRY_CHAINS                  ; ON                   ; AUTO_CARRY                                    ;
; IGNORE_CARRY_BUFFERS               ; OFF                  ; IGNORE_CARRY                                  ;
; AUTO_CASCADE_CHAINS                ; ON                   ; AUTO_CASCADE                                  ;
; IGNORE_CASCADE_BUFFERS             ; OFF                  ; IGNORE_CASCADE                                ;
; WIDTH_BYTEENA                      ; 1                    ; Untyped                                       ;
; OPERATION_MODE                     ; DUAL_PORT            ; Untyped                                       ;
; WIDTH_A                            ; 32                   ; Signed Integer                                ;
; WIDTHAD_A                          ; 8                    ; Signed Integer                                ;
; NUMWORDS_A                         ; 256                  ; Signed Integer                                ;
; OUTDATA_REG_A                      ; UNREGISTERED         ; Untyped                                       ;
; ADDRESS_ACLR_A                     ; NONE                 ; Untyped                                       ;
; OUTDATA_ACLR_A                     ; NONE                 ; Untyped                                       ;
; WRCONTROL_ACLR_A                   ; NONE                 ; Untyped                                       ;
; INDATA_ACLR_A                      ; NONE                 ; Untyped                                       ;
; BYTEENA_ACLR_A                     ; NONE                 ; Untyped                                       ;
; WIDTH_B                            ; 32                   ; Signed Integer                                ;
; WIDTHAD_B                          ; 8                    ; Signed Integer                                ;
; NUMWORDS_B                         ; 256                  ; Signed Integer                                ;
; INDATA_REG_B                       ; CLOCK1               ; Untyped                                       ;
; WRCONTROL_WRADDRESS_REG_B          ; CLOCK1               ; Untyped                                       ;
; RDCONTROL_REG_B                    ; CLOCK1               ; Untyped                                       ;
; ADDRESS_REG_B                      ; CLOCK0               ; Untyped                                       ;
; OUTDATA_REG_B                      ; UNREGISTERED         ; Untyped                                       ;
; BYTEENA_REG_B                      ; CLOCK1               ; Untyped                                       ;
; INDATA_ACLR_B                      ; NONE                 ; Untyped                                       ;
; WRCONTROL_ACLR_B                   ; NONE                 ; Untyped                                       ;
; ADDRESS_ACLR_B                     ; NONE                 ; Untyped                                       ;
; OUTDATA_ACLR_B                     ; NONE                 ; Untyped                                       ;
; RDCONTROL_ACLR_B                   ; NONE                 ; Untyped                                       ;
; BYTEENA_ACLR_B                     ; NONE                 ; Untyped                                       ;
; WIDTH_BYTEENA_A                    ; 1                    ; Signed Integer                                ;
; WIDTH_BYTEENA_B                    ; 1                    ; Signed Integer                                ;
; RAM_BLOCK_TYPE                     ; AUTO                 ; Untyped                                       ;
; BYTE_SIZE                          ; 8                    ; Signed Integer                                ;
; READ_DURING_WRITE_MODE_MIXED_PORTS ; DONT_CARE            ; Untyped                                       ;
; READ_DURING_WRITE_MODE_PORT_A      ; NEW_DATA_NO_NBE_READ ; Untyped                                       ;
; READ_DURING_WRITE_MODE_PORT_B      ; NEW_DATA_NO_NBE_READ ; Untyped                                       ;
; INIT_FILE                          ; UNUSED               ; Untyped                                       ;
; INIT_FILE_LAYOUT                   ; PORT_A               ; Untyped                                       ;
; MAXIMUM_DEPTH                      ; 0                    ; Signed Integer                                ;
; CLOCK_ENABLE_INPUT_A               ; BYPASS               ; Untyped                                       ;
; CLOCK_ENABLE_INPUT_B               ; BYPASS               ; Untyped                                       ;
; CLOCK_ENABLE_OUTPUT_A              ; NORMAL               ; Untyped                                       ;
; CLOCK_ENABLE_OUTPUT_B              ; BYPASS               ; Untyped                                       ;
; CLOCK_ENABLE_CORE_A                ; USE_INPUT_CLKEN      ; Untyped                                       ;
; CLOCK_ENABLE_CORE_B                ; USE_INPUT_CLKEN      ; Untyped                                       ;
; ENABLE_ECC                         ; FALSE                ; Untyped                                       ;
; ECC_PIPELINE_STAGE_ENABLED         ; FALSE                ; Untyped                                       ;
; WIDTH_ECCSTATUS                    ; 3                    ; Signed Integer                                ;
; DEVICE_FAMILY                      ; Cyclone V            ; Untyped                                       ;
; CBXI_PARAMETER                     ; altsyncram_isu3      ; Untyped                                       ;
+------------------------------------+----------------------+-----------------------------------------------+
Note: In order to hide this table in the UI and the text report file, please set the "Show Parameter Settings in Synthesis Report" option in "Analysis and Synthesis Settings -> More Settings" to "Off".


+--------------------------------------------------------------------------------------------------------------+
; Parameter Settings for User Entity Instance: alu_src_mux:inst7|alu_src_mux_ip:inst|LPM_MUX:LPM_MUX_component ;
+------------------------+-----------+-------------------------------------------------------------------------+
; Parameter Name         ; Value     ; Type                                                                    ;
+------------------------+-----------+-------------------------------------------------------------------------+
; AUTO_CARRY_CHAINS      ; ON        ; AUTO_CARRY                                                              ;
; IGNORE_CARRY_BUFFERS   ; OFF       ; IGNORE_CARRY                                                            ;
; AUTO_CASCADE_CHAINS    ; ON        ; AUTO_CASCADE                                                            ;
; IGNORE_CASCADE_BUFFERS ; OFF       ; IGNORE_CASCADE                                                          ;
; LPM_WIDTH              ; 32        ; Signed Integer                                                          ;
; LPM_SIZE               ; 2         ; Signed Integer                                                          ;
; LPM_WIDTHS             ; 1         ; Signed Integer                                                          ;
; LPM_PIPELINE           ; 0         ; Signed Integer                                                          ;
; CBXI_PARAMETER         ; mux_o1e   ; Untyped                                                                 ;
; DEVICE_FAMILY          ; Cyclone V ; Untyped                                                                 ;
+------------------------+-----------+-------------------------------------------------------------------------+
Note: In order to hide this table in the UI and the text report file, please set the "Show Parameter Settings in Synthesis Report" option in "Analysis and Synthesis Settings -> More Settings" to "Off".


+------------------------------------------------------------------------------------------------------------------------+
; altsyncram Parameter Settings by Entity Instance                                                                       ;
+-------------------------------------------+----------------------------------------------------------------------------+
; Name                                      ; Value                                                                      ;
+-------------------------------------------+----------------------------------------------------------------------------+
; Number of entity instances                ; 5                                                                          ;
; Entity Instance                           ; instruction_decoder:inst3|control_rom:inst|altsyncram:altsyncram_component ;
;     -- OPERATION_MODE                     ; ROM                                                                        ;
;     -- WIDTH_A                            ; 10                                                                         ;
;     -- NUMWORDS_A                         ; 1024                                                                       ;
;     -- OUTDATA_REG_A                      ; CLOCK0                                                                     ;
;     -- WIDTH_B                            ; 1                                                                          ;
;     -- NUMWORDS_B                         ; 0                                                                          ;
;     -- ADDRESS_REG_B                      ; CLOCK1                                                                     ;
;     -- OUTDATA_REG_B                      ; UNREGISTERED                                                               ;
;     -- RAM_BLOCK_TYPE                     ; AUTO                                                                       ;
;     -- READ_DURING_WRITE_MODE_MIXED_PORTS ; DONT_CARE                                                                  ;
; Entity Instance                           ; instruction:inst12|instruction_rom:inst|altsyncram:altsyncram_component    ;
;     -- OPERATION_MODE                     ; ROM                                                                        ;
;     -- WIDTH_A                            ; 32                                                                         ;
;     -- NUMWORDS_A                         ; 256                                                                        ;
;     -- OUTDATA_REG_A                      ; CLOCK0                                                                     ;
;     -- WIDTH_B                            ; 1                                                                          ;
;     -- NUMWORDS_B                         ; 0                                                                          ;
;     -- ADDRESS_REG_B                      ; CLOCK1                                                                     ;
;     -- OUTDATA_REG_B                      ; UNREGISTERED                                                               ;
;     -- RAM_BLOCK_TYPE                     ; AUTO                                                                       ;
;     -- READ_DURING_WRITE_MODE_MIXED_PORTS ; DONT_CARE                                                                  ;
; Entity Instance                           ; register_file:inst4|reg_mem_a:inst|altsyncram:altsyncram_component         ;
;     -- OPERATION_MODE                     ; DUAL_PORT                                                                  ;
;     -- WIDTH_A                            ; 32                                                                         ;
;     -- NUMWORDS_A                         ; 16                                                                         ;
;     -- OUTDATA_REG_A                      ; UNREGISTERED                                                               ;
;     -- WIDTH_B                            ; 32                                                                         ;
;     -- NUMWORDS_B                         ; 16                                                                         ;
;     -- ADDRESS_REG_B                      ; CLOCK0                                                                     ;
;     -- OUTDATA_REG_B                      ; CLOCK0                                                                     ;
;     -- RAM_BLOCK_TYPE                     ; AUTO                                                                       ;
;     -- READ_DURING_WRITE_MODE_MIXED_PORTS ; DONT_CARE                                                                  ;
; Entity Instance                           ; register_file:inst4|reg_mem_a:inst1|altsyncram:altsyncram_component        ;
;     -- OPERATION_MODE                     ; DUAL_PORT                                                                  ;
;     -- WIDTH_A                            ; 32                                                                         ;
;     -- NUMWORDS_A                         ; 16                                                                         ;
;     -- OUTDATA_REG_A                      ; UNREGISTERED                                                               ;
;     -- WIDTH_B                            ; 32                                                                         ;
;     -- NUMWORDS_B                         ; 16                                                                         ;
;     -- ADDRESS_REG_B                      ; CLOCK0                                                                     ;
;     -- OUTDATA_REG_B                      ; CLOCK0                                                                     ;
;     -- RAM_BLOCK_TYPE                     ; AUTO                                                                       ;
;     -- READ_DURING_WRITE_MODE_MIXED_PORTS ; DONT_CARE                                                                  ;
; Entity Instance                           ; data_mem:inst1|data_ram:inst|altsyncram:altsyncram_component               ;
;     -- OPERATION_MODE                     ; DUAL_PORT                                                                  ;
;     -- WIDTH_A                            ; 32                                                                         ;
;     -- NUMWORDS_A                         ; 256                                                                        ;
;     -- OUTDATA_REG_A                      ; UNREGISTERED                                                               ;
;     -- WIDTH_B                            ; 32                                                                         ;
;     -- NUMWORDS_B                         ; 256                                                                        ;
;     -- ADDRESS_REG_B                      ; CLOCK0                                                                     ;
;     -- OUTDATA_REG_B                      ; UNREGISTERED                                                               ;
;     -- RAM_BLOCK_TYPE                     ; AUTO                                                                       ;
;     -- READ_DURING_WRITE_MODE_MIXED_PORTS ; DONT_CARE                                                                  ;
+-------------------------------------------+----------------------------------------------------------------------------+


+-------------------------------------------------------------------------------------------+
; lpm_shiftreg Parameter Settings by Entity Instance                                        ;
+----------------------------+--------------------------------------------------------------+
; Name                       ; Value                                                        ;
+----------------------------+--------------------------------------------------------------+
; Number of entity instances ; 1                                                            ;
; Entity Instance            ; pc:inst|pc_register:inst|lpm_shiftreg:LPM_SHIFTREG_component ;
;     -- LPM_WIDTH           ; 32                                                           ;
;     -- LPM_DIRECTION       ; LEFT                                                         ;
+----------------------------+--------------------------------------------------------------+


+---------------------------------------------------------------------------------------------------------------------------+
; Analysis & Elaboration Settings                                                                                           ;
+---------------------------------------------------------------------------------+--------------------+--------------------+
; Option                                                                          ; Setting            ; Default Value      ;
+---------------------------------------------------------------------------------+--------------------+--------------------+
; Device                                                                          ; 5CEBA4F23C7        ;                    ;
; Top-level entity name                                                           ; tetris_cpu         ; tetris_cpu         ;
; Family name                                                                     ; Cyclone V          ; Cyclone V          ;
; Use smart compilation                                                           ; Off                ; Off                ;
; Enable parallel Assembler and Timing Analyzer during compilation                ; On                 ; On                 ;
; Enable compact report table                                                     ; Off                ; Off                ;
; Restructure Multiplexers                                                        ; Auto               ; Auto               ;
; MLAB Add Timing Constraints For Mixed-Port Feed-Through Mode Setting Don't Care ; Off                ; Off                ;
; Create Debugging Nodes for IP Cores                                             ; Off                ; Off                ;
; Preserve fewer node names                                                       ; On                 ; On                 ;
; Intel FPGA IP Evaluation Mode                                                   ; Enable             ; Enable             ;
; Verilog Version                                                                 ; Verilog_2001       ; Verilog_2001       ;
; VHDL Version                                                                    ; VHDL_1993          ; VHDL_1993          ;
; State Machine Processing                                                        ; Auto               ; Auto               ;
; Safe State Machine                                                              ; Off                ; Off                ;
; Extract Verilog State Machines                                                  ; On                 ; On                 ;
; Extract VHDL State Machines                                                     ; On                 ; On                 ;
; Ignore Verilog initial constructs                                               ; Off                ; Off                ;
; Iteration limit for constant Verilog loops                                      ; 5000               ; 5000               ;
; Iteration limit for non-constant Verilog loops                                  ; 250                ; 250                ;
; Add Pass-Through Logic to Inferred RAMs                                         ; On                 ; On                 ;
; Infer RAMs from Raw Logic                                                       ; On                 ; On                 ;
; Parallel Synthesis                                                              ; On                 ; On                 ;
; DSP Block Balancing                                                             ; Auto               ; Auto               ;
; NOT Gate Push-Back                                                              ; On                 ; On                 ;
; Power-Up Don't Care                                                             ; On                 ; On                 ;
; Remove Redundant Logic Cells                                                    ; Off                ; Off                ;
; Remove Duplicate Registers                                                      ; On                 ; On                 ;
; Ignore CARRY Buffers                                                            ; Off                ; Off                ;
; Ignore CASCADE Buffers                                                          ; Off                ; Off                ;
; Ignore GLOBAL Buffers                                                           ; Off                ; Off                ;
; Ignore ROW GLOBAL Buffers                                                       ; Off                ; Off                ;
; Ignore LCELL Buffers                                                            ; Off                ; Off                ;
; Ignore SOFT Buffers                                                             ; On                 ; On                 ;
; Limit AHDL Integers to 32 Bits                                                  ; Off                ; Off                ;
; Optimization Technique                                                          ; Balanced           ; Balanced           ;
; Carry Chain Length                                                              ; 70                 ; 70                 ;
; Auto Carry Chains                                                               ; On                 ; On                 ;
; Auto Open-Drain Pins                                                            ; On                 ; On                 ;
; Perform WYSIWYG Primitive Resynthesis                                           ; Off                ; Off                ;
; Auto ROM Replacement                                                            ; On                 ; On                 ;
; Auto RAM Replacement                                                            ; On                 ; On                 ;
; Auto DSP Block Replacement                                                      ; On                 ; On                 ;
; Auto Shift Register Replacement                                                 ; Auto               ; Auto               ;
; Allow Shift Register Merging across Hierarchies                                 ; Auto               ; Auto               ;
; Auto Clock Enable Replacement                                                   ; On                 ; On                 ;
; Strict RAM Replacement                                                          ; Off                ; Off                ;
; Allow Synchronous Control Signals                                               ; On                 ; On                 ;
; Force Use of Synchronous Clear Signals                                          ; Off                ; Off                ;
; Auto Resource Sharing                                                           ; Off                ; Off                ;
; Allow Any RAM Size For Recognition                                              ; Off                ; Off                ;
; Allow Any ROM Size For Recognition                                              ; Off                ; Off                ;
; Allow Any Shift Register Size For Recognition                                   ; Off                ; Off                ;
; Use LogicLock Constraints during Resource Balancing                             ; On                 ; On                 ;
; Ignore translate_off and synthesis_off directives                               ; Off                ; Off                ;
; Timing-Driven Synthesis                                                         ; On                 ; On                 ;
; Report Parameter Settings                                                       ; On                 ; On                 ;
; Report Source Assignments                                                       ; On                 ; On                 ;
; Report Connectivity Checks                                                      ; On                 ; On                 ;
; Ignore Maximum Fan-Out Assignments                                              ; Off                ; Off                ;
; Synchronization Register Chain Length                                           ; 3                  ; 3                  ;
; Power Optimization During Synthesis                                             ; Normal compilation ; Normal compilation ;
; HDL message level                                                               ; Level2             ; Level2             ;
; Suppress Register Optimization Related Messages                                 ; Off                ; Off                ;
; Number of Removed Registers Reported in Synthesis Report                        ; 5000               ; 5000               ;
; Number of Swept Nodes Reported in Synthesis Report                              ; 5000               ; 5000               ;
; Number of Inverted Registers Reported in Synthesis Report                       ; 100                ; 100                ;
; Clock MUX Protection                                                            ; On                 ; On                 ;
; Auto Gated Clock Conversion                                                     ; Off                ; Off                ;
; Block Design Naming                                                             ; Auto               ; Auto               ;
; SDC constraint protection                                                       ; Off                ; Off                ;
; Synthesis Effort                                                                ; Auto               ; Auto               ;
; Shift Register Replacement - Allow Asynchronous Clear Signal                    ; On                 ; On                 ;
; Pre-Mapping Resynthesis Optimization                                            ; Off                ; Off                ;
; Analysis & Synthesis Message Level                                              ; Medium             ; Medium             ;
; Disable Register Merging Across Hierarchies                                     ; Auto               ; Auto               ;
; Resource Aware Inference For Block RAM                                          ; On                 ; On                 ;
; Automatic Parallel Synthesis                                                    ; On                 ; On                 ;
; Partial Reconfiguration Bitstream ID                                            ; Off                ; Off                ;
+---------------------------------------------------------------------------------+--------------------+--------------------+


+---------------------------------+
; Analysis & Elaboration Messages ;
+---------------------------------+
Info: *******************************************************************
Info: Running Quartus Prime Analysis & Elaboration
    Info: Version 25.1std.0 Build 1129 10/21/2025 SC Lite Edition
    Info: Processing started: Mon Aug 17 16:33:20 2026
Info: Command: quartus_map --read_settings_files=on --write_settings_files=off tetris_cpu -c tetris_cpu --analysis_and_elaboration
Warning (18236): Number of processors has not been specified which may cause overloading on shared machines.  Set the global assignment NUM_PARALLEL_PROCESSORS in your QSF to an appropriate value for best performance.
Info (20030): Parallel compilation is enabled and will use 8 of the 8 processors detected
Info (12021): Found 1 design units, including 1 entities, in source file alu.bdf
    Info (12023): Found entity 1: alu
Info (12021): Found 2 design units, including 1 entities, in source file alu_adder.vhd
    Info (12022): Found design unit 1: alu_adder-SYN File: C:/FPGA_Tetris/CPU/alu_adder.vhd Line: 54
    Info (12023): Found entity 1: alu_adder File: C:/FPGA_Tetris/CPU/alu_adder.vhd Line: 43
Info (12021): Found 2 design units, including 1 entities, in source file alu_compare.vhd
    Info (12022): Found design unit 1: alu_compare-SYN File: C:/FPGA_Tetris/CPU/alu_compare.vhd Line: 54
    Info (12023): Found entity 1: alu_compare File: C:/FPGA_Tetris/CPU/alu_compare.vhd Line: 43
Info (12021): Found 2 design units, including 1 entities, in source file alu_mux.vhd
    Info (12022): Found design unit 1: alu_mux-SYN File: C:/FPGA_Tetris/CPU/alu_mux.vhd Line: 60
    Info (12023): Found entity 1: alu_mux File: C:/FPGA_Tetris/CPU/alu_mux.vhd Line: 43
Info (12021): Found 1 design units, including 1 entities, in source file register_file.bdf
    Info (12023): Found entity 1: register_file
Info (12021): Found 2 design units, including 1 entities, in source file reg_mem_a.vhd
    Info (12022): Found design unit 1: reg_mem_a-SYN File: C:/FPGA_Tetris/CPU/reg_mem_a.vhd Line: 56
    Info (12023): Found entity 1: reg_mem_a File: C:/FPGA_Tetris/CPU/reg_mem_a.vhd Line: 43
Info (12021): Found 1 design units, including 1 entities, in source file pc.bdf
    Info (12023): Found entity 1: pc
Info (12021): Found 2 design units, including 1 entities, in source file pc_register.vhd
    Info (12022): Found design unit 1: pc_register-SYN File: C:/FPGA_Tetris/CPU/pc_register.vhd Line: 54
    Info (12023): Found entity 1: pc_register File: C:/FPGA_Tetris/CPU/pc_register.vhd Line: 43
Info (12021): Found 1 design units, including 1 entities, in source file instruction.bdf
    Info (12023): Found entity 1: instruction
Info (12021): Found 2 design units, including 1 entities, in source file instruction_rom.vhd
    Info (12022): Found design unit 1: instruction_rom-SYN File: C:/FPGA_Tetris/CPU/instruction_rom.vhd Line: 53
    Info (12023): Found entity 1: instruction_rom File: C:/FPGA_Tetris/CPU/instruction_rom.vhd Line: 43
Info (12021): Found 1 design units, including 1 entities, in source file instruction_decoder.bdf
    Info (12023): Found entity 1: instruction_decoder
Info (12021): Found 2 design units, including 1 entities, in source file control_rom.vhd
    Info (12022): Found design unit 1: control_rom-SYN File: C:/FPGA_Tetris/CPU/control_rom.vhd Line: 53
    Info (12023): Found entity 1: control_rom File: C:/FPGA_Tetris/CPU/control_rom.vhd Line: 43
Info (12021): Found 1 design units, including 1 entities, in source file imm_gen.bdf
    Info (12023): Found entity 1: imm_gen
Info (12021): Found 1 design units, including 1 entities, in source file tetris_cpu.bdf
    Info (12023): Found entity 1: tetris_cpu
Info (12021): Found 1 design units, including 1 entities, in source file alu_src_mux.bdf
    Info (12023): Found entity 1: alu_src_mux
Info (12021): Found 2 design units, including 1 entities, in source file alu_src_mux_ip.vhd
    Info (12022): Found design unit 1: alu_src_mux_ip-SYN File: C:/FPGA_Tetris/CPU/alu_src_mux_ip.vhd Line: 54
    Info (12023): Found entity 1: alu_src_mux_ip File: C:/FPGA_Tetris/CPU/alu_src_mux_ip.vhd Line: 43
Info (12021): Found 1 design units, including 1 entities, in source file pc_next.bdf
    Info (12023): Found entity 1: pc_next
Info (12021): Found 1 design units, including 1 entities, in source file data_mem.bdf
    Info (12023): Found entity 1: data_mem
Info (12021): Found 2 design units, including 1 entities, in source file data_ram.vhd
    Info (12022): Found design unit 1: data_ram-SYN File: C:/FPGA_Tetris/CPU/data_ram.vhd Line: 56
    Info (12023): Found entity 1: data_ram File: C:/FPGA_Tetris/CPU/data_ram.vhd Line: 43
Info (12127): Elaborating entity "tetris_cpu" for the top level hierarchy
Warning (275008): Primitive "GND" of instance "inst15" not used
Info (12128): Elaborating entity "alu" for hierarchy "alu:inst10"
Info (12128): Elaborating entity "alu_compare" for hierarchy "alu:inst10|alu_compare:inst10"
Info (12128): Elaborating entity "lpm_compare" for hierarchy "alu:inst10|alu_compare:inst10|lpm_compare:LPM_COMPARE_component" File: C:/FPGA_Tetris/CPU/alu_compare.vhd Line: 79
Info (12130): Elaborated megafunction instantiation "alu:inst10|alu_compare:inst10|lpm_compare:LPM_COMPARE_component" File: C:/FPGA_Tetris/CPU/alu_compare.vhd Line: 79
Info (12133): Instantiated megafunction "alu:inst10|alu_compare:inst10|lpm_compare:LPM_COMPARE_component" with the following parameter: File: C:/FPGA_Tetris/CPU/alu_compare.vhd Line: 79
    Info (12134): Parameter "lpm_representation" = "SIGNED"
    Info (12134): Parameter "lpm_type" = "LPM_COMPARE"
    Info (12134): Parameter "lpm_width" = "32"
Info (12021): Found 1 design units, including 1 entities, in source file db/cmpr_ajg.tdf
    Info (12023): Found entity 1: cmpr_ajg File: C:/FPGA_Tetris/CPU/db/cmpr_ajg.tdf Line: 23
Info (12128): Elaborating entity "cmpr_ajg" for hierarchy "alu:inst10|alu_compare:inst10|lpm_compare:LPM_COMPARE_component|cmpr_ajg:auto_generated" File: c:/altera_lite/25.1std/quartus/libraries/megafunctions/lpm_compare.tdf Line: 281
Info (12128): Elaborating entity "alu_mux" for hierarchy "alu:inst10|alu_mux:inst11"
Info (12128): Elaborating entity "LPM_MUX" for hierarchy "alu:inst10|alu_mux:inst11|LPM_MUX:LPM_MUX_component" File: C:/FPGA_Tetris/CPU/alu_mux.vhd Line: 342
Info (12130): Elaborated megafunction instantiation "alu:inst10|alu_mux:inst11|LPM_MUX:LPM_MUX_component" File: C:/FPGA_Tetris/CPU/alu_mux.vhd Line: 342
Info (12133): Instantiated megafunction "alu:inst10|alu_mux:inst11|LPM_MUX:LPM_MUX_component" with the following parameter: File: C:/FPGA_Tetris/CPU/alu_mux.vhd Line: 342
    Info (12134): Parameter "LPM_WIDTH" = "32"
    Info (12134): Parameter "LPM_SIZE" = "8"
    Info (12134): Parameter "LPM_WIDTHS" = "3"
    Info (12134): Parameter "LPM_PIPELINE" = "0"
    Info (12134): Parameter "LPM_TYPE" = "LPM_MUX"
    Info (12134): Parameter "LPM_HINT" = "UNUSED"
Info (12021): Found 1 design units, including 1 entities, in source file db/mux_02e.tdf
    Info (12023): Found entity 1: mux_02e File: C:/FPGA_Tetris/CPU/db/mux_02e.tdf Line: 23
Info (12128): Elaborating entity "mux_02e" for hierarchy "alu:inst10|alu_mux:inst11|LPM_MUX:LPM_MUX_component|mux_02e:auto_generated" File: c:/altera_lite/25.1std/quartus/libraries/megafunctions/lpm_mux.tdf Line: 87
Info (12128): Elaborating entity "alu_adder" for hierarchy "alu:inst10|alu_adder:inst3"
Info (12128): Elaborating entity "lpm_add_sub" for hierarchy "alu:inst10|alu_adder:inst3|lpm_add_sub:LPM_ADD_SUB_component" File: C:/FPGA_Tetris/CPU/alu_adder.vhd Line: 79
Info (12130): Elaborated megafunction instantiation "alu:inst10|alu_adder:inst3|lpm_add_sub:LPM_ADD_SUB_component" File: C:/FPGA_Tetris/CPU/alu_adder.vhd Line: 79
Info (12133): Instantiated megafunction "alu:inst10|alu_adder:inst3|lpm_add_sub:LPM_ADD_SUB_component" with the following parameter: File: C:/FPGA_Tetris/CPU/alu_adder.vhd Line: 79
    Info (12134): Parameter "lpm_direction" = "UNUSED"
    Info (12134): Parameter "lpm_hint" = "ONE_INPUT_IS_CONSTANT=NO,CIN_USED=NO"
    Info (12134): Parameter "lpm_representation" = "SIGNED"
    Info (12134): Parameter "lpm_type" = "LPM_ADD_SUB"
    Info (12134): Parameter "lpm_width" = "32"
Info (12021): Found 1 design units, including 1 entities, in source file db/add_sub_p9g.tdf
    Info (12023): Found entity 1: add_sub_p9g File: C:/FPGA_Tetris/CPU/db/add_sub_p9g.tdf Line: 26
Info (12128): Elaborating entity "add_sub_p9g" for hierarchy "alu:inst10|alu_adder:inst3|lpm_add_sub:LPM_ADD_SUB_component|add_sub_p9g:auto_generated" File: c:/altera_lite/25.1std/quartus/libraries/megafunctions/lpm_add_sub.tdf Line: 119
Info (12128): Elaborating entity "instruction_decoder" for hierarchy "instruction_decoder:inst3"
Info (12128): Elaborating entity "control_rom" for hierarchy "instruction_decoder:inst3|control_rom:inst"
Info (12128): Elaborating entity "altsyncram" for hierarchy "instruction_decoder:inst3|control_rom:inst|altsyncram:altsyncram_component" File: C:/FPGA_Tetris/CPU/control_rom.vhd Line: 60
Info (12130): Elaborated megafunction instantiation "instruction_decoder:inst3|control_rom:inst|altsyncram:altsyncram_component" File: C:/FPGA_Tetris/CPU/control_rom.vhd Line: 60
Info (12133): Instantiated megafunction "instruction_decoder:inst3|control_rom:inst|altsyncram:altsyncram_component" with the following parameter: File: C:/FPGA_Tetris/CPU/control_rom.vhd Line: 60
    Info (12134): Parameter "address_aclr_a" = "NONE"
    Info (12134): Parameter "address_aclr_b" = "NONE"
    Info (12134): Parameter "address_reg_b" = "CLOCK1"
    Info (12134): Parameter "byte_size" = "8"
    Info (12134): Parameter "byteena_aclr_a" = "UNUSED"
    Info (12134): Parameter "byteena_aclr_b" = "NONE"
    Info (12134): Parameter "byteena_reg_b" = "CLOCK1"
    Info (12134): Parameter "clock_enable_core_a" = "USE_INPUT_CLKEN"
    Info (12134): Parameter "clock_enable_core_b" = "USE_INPUT_CLKEN"
    Info (12134): Parameter "clock_enable_input_a" = "BYPASS"
    Info (12134): Parameter "clock_enable_input_b" = "NORMAL"
    Info (12134): Parameter "clock_enable_output_a" = "BYPASS"
    Info (12134): Parameter "clock_enable_output_b" = "NORMAL"
    Info (12134): Parameter "intended_device_family" = "Cyclone V"
    Info (12134): Parameter "ecc_pipeline_stage_enabled" = "FALSE"
    Info (12134): Parameter "enable_ecc" = "FALSE"
    Info (12134): Parameter "implement_in_les" = "OFF"
    Info (12134): Parameter "indata_aclr_a" = "UNUSED"
    Info (12134): Parameter "indata_aclr_b" = "NONE"
    Info (12134): Parameter "indata_reg_b" = "CLOCK1"
    Info (12134): Parameter "init_file" = "control_rom.mif"
    Info (12134): Parameter "init_file_layout" = "PORT_A"
    Info (12134): Parameter "maximum_depth" = "0"
    Info (12134): Parameter "numwords_a" = "1024"
    Info (12134): Parameter "numwords_b" = "0"
    Info (12134): Parameter "operation_mode" = "ROM"
    Info (12134): Parameter "outdata_aclr_a" = "NONE"
    Info (12134): Parameter "outdata_aclr_b" = "NONE"
    Info (12134): Parameter "outdata_reg_a" = "CLOCK0"
    Info (12134): Parameter "outdata_reg_b" = "UNREGISTERED"
    Info (12134): Parameter "power_up_uninitialized" = "FALSE"
    Info (12134): Parameter "ram_block_type" = "AUTO"
    Info (12134): Parameter "rdcontrol_aclr_b" = "NONE"
    Info (12134): Parameter "rdcontrol_reg_b" = "CLOCK1"
    Info (12134): Parameter "read_during_write_mode_mixed_ports" = "DONT_CARE"
    Info (12134): Parameter "read_during_write_mode_port_a" = "NEW_DATA_NO_NBE_READ"
    Info (12134): Parameter "read_during_write_mode_port_b" = "NEW_DATA_NO_NBE_READ"
    Info (12134): Parameter "stratixiv_m144k_allow_dual_clocks" = "ON"
    Info (12134): Parameter "width_a" = "10"
    Info (12134): Parameter "width_b" = "1"
    Info (12134): Parameter "width_byteena_a" = "1"
    Info (12134): Parameter "width_byteena_b" = "1"
    Info (12134): Parameter "width_eccstatus" = "3"
    Info (12134): Parameter "widthad_a" = "10"
    Info (12134): Parameter "widthad_b" = "1"
    Info (12134): Parameter "wrcontrol_aclr_a" = "UNUSED"
    Info (12134): Parameter "wrcontrol_aclr_b" = "NONE"
    Info (12134): Parameter "wrcontrol_wraddress_reg_b" = "CLOCK1"
    Info (12134): Parameter "lpm_hint" = "ENABLE_RUNTIME_MOD=NO"
    Info (12134): Parameter "lpm_type" = "altsyncram"
Info (12021): Found 1 design units, including 1 entities, in source file db/altsyncram_d224.tdf
    Info (12023): Found entity 1: altsyncram_d224 File: C:/FPGA_Tetris/CPU/db/altsyncram_d224.tdf Line: 28
Info (12128): Elaborating entity "altsyncram_d224" for hierarchy "instruction_decoder:inst3|control_rom:inst|altsyncram:altsyncram_component|altsyncram_d224:auto_generated" File: c:/altera_lite/25.1std/quartus/libraries/megafunctions/altsyncram.tdf Line: 792
Info (12128): Elaborating entity "instruction" for hierarchy "instruction:inst12"
Info (12128): Elaborating entity "instruction_rom" for hierarchy "instruction:inst12|instruction_rom:inst"
Info (12128): Elaborating entity "altsyncram" for hierarchy "instruction:inst12|instruction_rom:inst|altsyncram:altsyncram_component" File: C:/FPGA_Tetris/CPU/instruction_rom.vhd Line: 60
Info (12130): Elaborated megafunction instantiation "instruction:inst12|instruction_rom:inst|altsyncram:altsyncram_component" File: C:/FPGA_Tetris/CPU/instruction_rom.vhd Line: 60
Info (12133): Instantiated megafunction "instruction:inst12|instruction_rom:inst|altsyncram:altsyncram_component" with the following parameter: File: C:/FPGA_Tetris/CPU/instruction_rom.vhd Line: 60
    Info (12134): Parameter "address_aclr_a" = "NONE"
    Info (12134): Parameter "address_aclr_b" = "NONE"
    Info (12134): Parameter "address_reg_b" = "CLOCK1"
    Info (12134): Parameter "byte_size" = "8"
    Info (12134): Parameter "byteena_aclr_a" = "UNUSED"
    Info (12134): Parameter "byteena_aclr_b" = "NONE"
    Info (12134): Parameter "byteena_reg_b" = "CLOCK1"
    Info (12134): Parameter "clock_enable_core_a" = "USE_INPUT_CLKEN"
    Info (12134): Parameter "clock_enable_core_b" = "USE_INPUT_CLKEN"
    Info (12134): Parameter "clock_enable_input_a" = "BYPASS"
    Info (12134): Parameter "clock_enable_input_b" = "NORMAL"
    Info (12134): Parameter "clock_enable_output_a" = "BYPASS"
    Info (12134): Parameter "clock_enable_output_b" = "NORMAL"
    Info (12134): Parameter "intended_device_family" = "Cyclone V"
    Info (12134): Parameter "ecc_pipeline_stage_enabled" = "FALSE"
    Info (12134): Parameter "enable_ecc" = "FALSE"
    Info (12134): Parameter "implement_in_les" = "OFF"
    Info (12134): Parameter "indata_aclr_a" = "UNUSED"
    Info (12134): Parameter "indata_aclr_b" = "NONE"
    Info (12134): Parameter "indata_reg_b" = "CLOCK1"
    Info (12134): Parameter "init_file" = "instruction.mif"
    Info (12134): Parameter "init_file_layout" = "PORT_A"
    Info (12134): Parameter "maximum_depth" = "0"
    Info (12134): Parameter "numwords_a" = "256"
    Info (12134): Parameter "numwords_b" = "0"
    Info (12134): Parameter "operation_mode" = "ROM"
    Info (12134): Parameter "outdata_aclr_a" = "NONE"
    Info (12134): Parameter "outdata_aclr_b" = "NONE"
    Info (12134): Parameter "outdata_reg_a" = "CLOCK0"
    Info (12134): Parameter "outdata_reg_b" = "UNREGISTERED"
    Info (12134): Parameter "power_up_uninitialized" = "FALSE"
    Info (12134): Parameter "ram_block_type" = "AUTO"
    Info (12134): Parameter "rdcontrol_aclr_b" = "NONE"
    Info (12134): Parameter "rdcontrol_reg_b" = "CLOCK1"
    Info (12134): Parameter "read_during_write_mode_mixed_ports" = "DONT_CARE"
    Info (12134): Parameter "read_during_write_mode_port_a" = "NEW_DATA_NO_NBE_READ"
    Info (12134): Parameter "read_during_write_mode_port_b" = "NEW_DATA_NO_NBE_READ"
    Info (12134): Parameter "stratixiv_m144k_allow_dual_clocks" = "ON"
    Info (12134): Parameter "width_a" = "32"
    Info (12134): Parameter "width_b" = "1"
    Info (12134): Parameter "width_byteena_a" = "1"
    Info (12134): Parameter "width_byteena_b" = "1"
    Info (12134): Parameter "width_eccstatus" = "3"
    Info (12134): Parameter "widthad_a" = "8"
    Info (12134): Parameter "widthad_b" = "1"
    Info (12134): Parameter "wrcontrol_aclr_a" = "UNUSED"
    Info (12134): Parameter "wrcontrol_aclr_b" = "NONE"
    Info (12134): Parameter "wrcontrol_wraddress_reg_b" = "CLOCK1"
    Info (12134): Parameter "lpm_hint" = "ENABLE_RUNTIME_MOD=NO"
    Info (12134): Parameter "lpm_type" = "altsyncram"
Info (12021): Found 1 design units, including 1 entities, in source file db/altsyncram_i024.tdf
    Info (12023): Found entity 1: altsyncram_i024 File: C:/FPGA_Tetris/CPU/db/altsyncram_i024.tdf Line: 28
Info (12128): Elaborating entity "altsyncram_i024" for hierarchy "instruction:inst12|instruction_rom:inst|altsyncram:altsyncram_component|altsyncram_i024:auto_generated" File: c:/altera_lite/25.1std/quartus/libraries/megafunctions/altsyncram.tdf Line: 792
Info (12128): Elaborating entity "pc" for hierarchy "pc:inst"
Info (12128): Elaborating entity "pc_register" for hierarchy "pc:inst|pc_register:inst"
Info (12128): Elaborating entity "lpm_shiftreg" for hierarchy "pc:inst|pc_register:inst|lpm_shiftreg:LPM_SHIFTREG_component" File: C:/FPGA_Tetris/CPU/pc_register.vhd Line: 77
Info (12130): Elaborated megafunction instantiation "pc:inst|pc_register:inst|lpm_shiftreg:LPM_SHIFTREG_component" File: C:/FPGA_Tetris/CPU/pc_register.vhd Line: 77
Info (12133): Instantiated megafunction "pc:inst|pc_register:inst|lpm_shiftreg:LPM_SHIFTREG_component" with the following parameter: File: C:/FPGA_Tetris/CPU/pc_register.vhd Line: 77
    Info (12134): Parameter "lpm_direction" = "LEFT"
    Info (12134): Parameter "lpm_type" = "LPM_SHIFTREG"
    Info (12134): Parameter "lpm_width" = "32"
Info (12128): Elaborating entity "pc_next" for hierarchy "pc_next:inst8"
Info (12128): Elaborating entity "alu_src_mux_ip" for hierarchy "pc_next:inst8|alu_src_mux_ip:inst9"
Info (12128): Elaborating entity "LPM_MUX" for hierarchy "pc_next:inst8|alu_src_mux_ip:inst9|LPM_MUX:LPM_MUX_component" File: C:/FPGA_Tetris/CPU/alu_src_mux_ip.vhd Line: 136
Info (12130): Elaborated megafunction instantiation "pc_next:inst8|alu_src_mux_ip:inst9|LPM_MUX:LPM_MUX_component" File: C:/FPGA_Tetris/CPU/alu_src_mux_ip.vhd Line: 136
Info (12133): Instantiated megafunction "pc_next:inst8|alu_src_mux_ip:inst9|LPM_MUX:LPM_MUX_component" with the following parameter: File: C:/FPGA_Tetris/CPU/alu_src_mux_ip.vhd Line: 136
    Info (12134): Parameter "LPM_WIDTH" = "32"
    Info (12134): Parameter "LPM_SIZE" = "2"
    Info (12134): Parameter "LPM_WIDTHS" = "1"
    Info (12134): Parameter "LPM_PIPELINE" = "0"
    Info (12134): Parameter "LPM_TYPE" = "LPM_MUX"
    Info (12134): Parameter "LPM_HINT" = "UNUSED"
Info (12021): Found 1 design units, including 1 entities, in source file db/mux_o1e.tdf
    Info (12023): Found entity 1: mux_o1e File: C:/FPGA_Tetris/CPU/db/mux_o1e.tdf Line: 23
Info (12128): Elaborating entity "mux_o1e" for hierarchy "pc_next:inst8|alu_src_mux_ip:inst9|LPM_MUX:LPM_MUX_component|mux_o1e:auto_generated" File: c:/altera_lite/25.1std/quartus/libraries/megafunctions/lpm_mux.tdf Line: 87
Info (12128): Elaborating entity "imm_gen" for hierarchy "imm_gen:inst5"
Info (12128): Elaborating entity "register_file" for hierarchy "register_file:inst4"
Info (12128): Elaborating entity "reg_mem_a" for hierarchy "register_file:inst4|reg_mem_a:inst"
Info (12128): Elaborating entity "altsyncram" for hierarchy "register_file:inst4|reg_mem_a:inst|altsyncram:altsyncram_component" File: C:/FPGA_Tetris/CPU/reg_mem_a.vhd Line: 63
Info (12130): Elaborated megafunction instantiation "register_file:inst4|reg_mem_a:inst|altsyncram:altsyncram_component" File: C:/FPGA_Tetris/CPU/reg_mem_a.vhd Line: 63
Info (12133): Instantiated megafunction "register_file:inst4|reg_mem_a:inst|altsyncram:altsyncram_component" with the following parameter: File: C:/FPGA_Tetris/CPU/reg_mem_a.vhd Line: 63
    Info (12134): Parameter "address_aclr_a" = "UNUSED"
    Info (12134): Parameter "address_aclr_b" = "NONE"
    Info (12134): Parameter "address_reg_b" = "CLOCK0"
    Info (12134): Parameter "byte_size" = "8"
    Info (12134): Parameter "byteena_aclr_a" = "UNUSED"
    Info (12134): Parameter "byteena_aclr_b" = "NONE"
    Info (12134): Parameter "byteena_reg_b" = "CLOCK1"
    Info (12134): Parameter "clock_enable_core_a" = "USE_INPUT_CLKEN"
    Info (12134): Parameter "clock_enable_core_b" = "USE_INPUT_CLKEN"
    Info (12134): Parameter "clock_enable_input_a" = "BYPASS"
    Info (12134): Parameter "clock_enable_input_b" = "BYPASS"
    Info (12134): Parameter "clock_enable_output_a" = "NORMAL"
    Info (12134): Parameter "clock_enable_output_b" = "BYPASS"
    Info (12134): Parameter "intended_device_family" = "Cyclone V"
    Info (12134): Parameter "ecc_pipeline_stage_enabled" = "FALSE"
    Info (12134): Parameter "enable_ecc" = "FALSE"
    Info (12134): Parameter "implement_in_les" = "OFF"
    Info (12134): Parameter "indata_aclr_a" = "UNUSED"
    Info (12134): Parameter "indata_aclr_b" = "NONE"
    Info (12134): Parameter "indata_reg_b" = "CLOCK1"
    Info (12134): Parameter "init_file" = "UNUSED"
    Info (12134): Parameter "init_file_layout" = "PORT_A"
    Info (12134): Parameter "maximum_depth" = "0"
    Info (12134): Parameter "numwords_a" = "16"
    Info (12134): Parameter "numwords_b" = "16"
    Info (12134): Parameter "operation_mode" = "DUAL_PORT"
    Info (12134): Parameter "outdata_aclr_a" = "NONE"
    Info (12134): Parameter "outdata_aclr_b" = "NONE"
    Info (12134): Parameter "outdata_reg_a" = "UNREGISTERED"
    Info (12134): Parameter "outdata_reg_b" = "CLOCK0"
    Info (12134): Parameter "power_up_uninitialized" = "FALSE"
    Info (12134): Parameter "ram_block_type" = "AUTO"
    Info (12134): Parameter "rdcontrol_aclr_b" = "NONE"
    Info (12134): Parameter "rdcontrol_reg_b" = "CLOCK1"
    Info (12134): Parameter "read_during_write_mode_mixed_ports" = "DONT_CARE"
    Info (12134): Parameter "read_during_write_mode_port_a" = "NEW_DATA_NO_NBE_READ"
    Info (12134): Parameter "read_during_write_mode_port_b" = "NEW_DATA_NO_NBE_READ"
    Info (12134): Parameter "stratixiv_m144k_allow_dual_clocks" = "ON"
    Info (12134): Parameter "width_a" = "32"
    Info (12134): Parameter "width_b" = "32"
    Info (12134): Parameter "width_byteena_a" = "1"
    Info (12134): Parameter "width_byteena_b" = "1"
    Info (12134): Parameter "width_eccstatus" = "3"
    Info (12134): Parameter "widthad_a" = "4"
    Info (12134): Parameter "widthad_b" = "4"
    Info (12134): Parameter "wrcontrol_aclr_a" = "UNUSED"
    Info (12134): Parameter "wrcontrol_aclr_b" = "NONE"
    Info (12134): Parameter "wrcontrol_wraddress_reg_b" = "CLOCK1"
    Info (12134): Parameter "lpm_hint" = "UNUSED"
    Info (12134): Parameter "lpm_type" = "altsyncram"
Info (12021): Found 1 design units, including 1 entities, in source file db/altsyncram_92u3.tdf
    Info (12023): Found entity 1: altsyncram_92u3 File: C:/FPGA_Tetris/CPU/db/altsyncram_92u3.tdf Line: 28
Info (12128): Elaborating entity "altsyncram_92u3" for hierarchy "register_file:inst4|reg_mem_a:inst|altsyncram:altsyncram_component|altsyncram_92u3:auto_generated" File: c:/altera_lite/25.1std/quartus/libraries/megafunctions/altsyncram.tdf Line: 792
Info (12128): Elaborating entity "data_mem" for hierarchy "data_mem:inst1"
Warning (275009): Pin "MEM_READ" not connected
Info (12128): Elaborating entity "data_ram" for hierarchy "data_mem:inst1|data_ram:inst"
Info (12128): Elaborating entity "altsyncram" for hierarchy "data_mem:inst1|data_ram:inst|altsyncram:altsyncram_component" File: C:/FPGA_Tetris/CPU/data_ram.vhd Line: 63
Info (12130): Elaborated megafunction instantiation "data_mem:inst1|data_ram:inst|altsyncram:altsyncram_component" File: C:/FPGA_Tetris/CPU/data_ram.vhd Line: 63
Info (12133): Instantiated megafunction "data_mem:inst1|data_ram:inst|altsyncram:altsyncram_component" with the following parameter: File: C:/FPGA_Tetris/CPU/data_ram.vhd Line: 63
    Info (12134): Parameter "address_aclr_a" = "UNUSED"
    Info (12134): Parameter "address_aclr_b" = "NONE"
    Info (12134): Parameter "address_reg_b" = "CLOCK0"
    Info (12134): Parameter "byte_size" = "8"
    Info (12134): Parameter "byteena_aclr_a" = "UNUSED"
    Info (12134): Parameter "byteena_aclr_b" = "NONE"
    Info (12134): Parameter "byteena_reg_b" = "CLOCK1"
    Info (12134): Parameter "clock_enable_core_a" = "USE_INPUT_CLKEN"
    Info (12134): Parameter "clock_enable_core_b" = "USE_INPUT_CLKEN"
    Info (12134): Parameter "clock_enable_input_a" = "BYPASS"
    Info (12134): Parameter "clock_enable_input_b" = "BYPASS"
    Info (12134): Parameter "clock_enable_output_a" = "NORMAL"
    Info (12134): Parameter "clock_enable_output_b" = "BYPASS"
    Info (12134): Parameter "intended_device_family" = "Cyclone V"
    Info (12134): Parameter "ecc_pipeline_stage_enabled" = "FALSE"
    Info (12134): Parameter "enable_ecc" = "FALSE"
    Info (12134): Parameter "implement_in_les" = "OFF"
    Info (12134): Parameter "indata_aclr_a" = "UNUSED"
    Info (12134): Parameter "indata_aclr_b" = "NONE"
    Info (12134): Parameter "indata_reg_b" = "CLOCK1"
    Info (12134): Parameter "init_file" = "UNUSED"
    Info (12134): Parameter "init_file_layout" = "PORT_A"
    Info (12134): Parameter "maximum_depth" = "0"
    Info (12134): Parameter "numwords_a" = "256"
    Info (12134): Parameter "numwords_b" = "256"
    Info (12134): Parameter "operation_mode" = "DUAL_PORT"
    Info (12134): Parameter "outdata_aclr_a" = "NONE"
    Info (12134): Parameter "outdata_aclr_b" = "NONE"
    Info (12134): Parameter "outdata_reg_a" = "UNREGISTERED"
    Info (12134): Parameter "outdata_reg_b" = "UNREGISTERED"
    Info (12134): Parameter "power_up_uninitialized" = "FALSE"
    Info (12134): Parameter "ram_block_type" = "AUTO"
    Info (12134): Parameter "rdcontrol_aclr_b" = "NONE"
    Info (12134): Parameter "rdcontrol_reg_b" = "CLOCK1"
    Info (12134): Parameter "read_during_write_mode_mixed_ports" = "DONT_CARE"
    Info (12134): Parameter "read_during_write_mode_port_a" = "NEW_DATA_NO_NBE_READ"
    Info (12134): Parameter "read_during_write_mode_port_b" = "NEW_DATA_NO_NBE_READ"
    Info (12134): Parameter "stratixiv_m144k_allow_dual_clocks" = "ON"
    Info (12134): Parameter "width_a" = "32"
    Info (12134): Parameter "width_b" = "32"
    Info (12134): Parameter "width_byteena_a" = "1"
    Info (12134): Parameter "width_byteena_b" = "1"
    Info (12134): Parameter "width_eccstatus" = "3"
    Info (12134): Parameter "widthad_a" = "8"
    Info (12134): Parameter "widthad_b" = "8"
    Info (12134): Parameter "wrcontrol_aclr_a" = "UNUSED"
    Info (12134): Parameter "wrcontrol_aclr_b" = "NONE"
    Info (12134): Parameter "wrcontrol_wraddress_reg_b" = "CLOCK1"
    Info (12134): Parameter "lpm_hint" = "UNUSED"
    Info (12134): Parameter "lpm_type" = "altsyncram"
Info (12021): Found 1 design units, including 1 entities, in source file db/altsyncram_isu3.tdf
    Info (12023): Found entity 1: altsyncram_isu3 File: C:/FPGA_Tetris/CPU/db/altsyncram_isu3.tdf Line: 28
Info (12128): Elaborating entity "altsyncram_isu3" for hierarchy "data_mem:inst1|data_ram:inst|altsyncram:altsyncram_component|altsyncram_isu3:auto_generated" File: c:/altera_lite/25.1std/quartus/libraries/megafunctions/altsyncram.tdf Line: 792
Info (12128): Elaborating entity "alu_src_mux" for hierarchy "alu_src_mux:inst7"
Info: Quartus Prime Analysis & Elaboration was successful. 0 errors, 3 warnings
    Info: Peak virtual memory: 4912 megabytes
    Info: Processing ended: Mon Aug 17 16:33:31 2026
    Info: Elapsed time: 00:00:11
    Info: Total CPU time (on all processors): 00:00:20


